
 /----------------------------------------------------------------------------\
 |                                                                            |
 |  yosys -- Yosys Open SYnthesis Suite                                       |
 |                                                                            |
 |  Copyright (C) 2012 - 2019  Clifford Wolf <clifford@clifford.at>           |
 |                                                                            |
 |  Permission to use, copy, modify, and/or distribute this software for any  |
 |  purpose with or without fee is hereby granted, provided that the above    |
 |  copyright notice and this permission notice appear in all copies.         |
 |                                                                            |
 |  THE SOFTWARE IS PROVIDED "AS IS" AND THE AUTHOR DISCLAIMS ALL WARRANTIES  |
 |  WITH REGARD TO THIS SOFTWARE INCLUDING ALL IMPLIED WARRANTIES OF          |
 |  MERCHANTABILITY AND FITNESS. IN NO EVENT SHALL THE AUTHOR BE LIABLE FOR   |
 |  ANY SPECIAL, DIRECT, INDIRECT, OR CONSEQUENTIAL DAMAGES OR ANY DAMAGES    |
 |  WHATSOEVER RESULTING FROM LOSS OF USE, DATA OR PROFITS, WHETHER IN AN     |
 |  ACTION OF CONTRACT, NEGLIGENCE OR OTHER TORTIOUS ACTION, ARISING OUT OF   |
 |  OR IN CONNECTION WITH THE USE OR PERFORMANCE OF THIS SOFTWARE.            |
 |                                                                            |
 \----------------------------------------------------------------------------/

 Yosys 0.9 (git sha1 1979e0b)


-- Running command `read_verilog pwm_deadtime.v; synth; stat' --

1. Executing Verilog-2005 frontend: pwm_deadtime.v
Parsing Verilog input from `pwm_deadtime.v' to AST representation.
Generating RTLIL representation for module `\pwm_deadtime'.
Generating RTLIL representation for module `\pwm_dt_channel'.
Successfully finished Verilog frontend.

2. Executing SYNTH pass.

2.1. Executing HIERARCHY pass (managing design hierarchy).

2.2. Executing PROC pass (convert processes to netlists).

2.2.1. Executing PROC_CLEAN pass (remove empty switches from decision trees).
Cleaned up 0 empty switches.

2.2.2. Executing PROC_RMDEAD pass (remove dead branches from decision trees).
Marked 6 switch rules as full_case in process $proc$pwm_deadtime.v:135$259 in module pwm_dt_channel.
Marked 1 switch rules as full_case in process $proc$pwm_deadtime.v:65$5 in module pwm_deadtime.
Marked 2 switch rules as full_case in process $proc$pwm_deadtime.v:54$1 in module pwm_deadtime.
Removed a total of 0 dead cases.

2.2.3. Executing PROC_INIT pass (extract init attributes).

2.2.4. Executing PROC_ARST pass (detect async resets in processes).
Found async reset \rst_n in `\pwm_dt_channel.$proc$pwm_deadtime.v:135$259'.
Found async reset \rst_n in `\pwm_deadtime.$proc$pwm_deadtime.v:65$5'.
Found async reset \rst_n in `\pwm_deadtime.$proc$pwm_deadtime.v:54$1'.

2.2.5. Executing PROC_MUX pass (convert decision trees to multiplexers).
Creating decoders for process `\pwm_dt_channel.$proc$pwm_deadtime.v:135$259'.
     1/3: $0\dt_cnt[15:0]
     2/3: $0\lo[0:0]
     3/3: $0\hi[0:0]
Creating decoders for process `\pwm_deadtime.$proc$pwm_deadtime.v:65$5'.
     1/1: $0\dt_cycles[15:0]
Creating decoders for process `\pwm_deadtime.$proc$pwm_deadtime.v:54$1'.
     1/1: $0\phase_cnt[15:0]

2.2.6. Executing PROC_DLATCH pass (convert process syncs to latches).

2.2.7. Executing PROC_DFF pass (convert process syncs to FFs).
Creating register for signal `\pwm_dt_channel.\hi' using process `\pwm_dt_channel.$proc$pwm_deadtime.v:135$259'.
  created $adff cell `$procdff$303' with positive edge clock and negative level reset.
Creating register for signal `\pwm_dt_channel.\lo' using process `\pwm_dt_channel.$proc$pwm_deadtime.v:135$259'.
  created $adff cell `$procdff$304' with positive edge clock and negative level reset.
Creating register for signal `\pwm_dt_channel.\dt_cnt' using process `\pwm_dt_channel.$proc$pwm_deadtime.v:135$259'.
  created $adff cell `$procdff$305' with positive edge clock and negative level reset.
Creating register for signal `\pwm_deadtime.\dt_cycles' using process `\pwm_deadtime.$proc$pwm_deadtime.v:65$5'.
  created $adff cell `$procdff$306' with positive edge clock and negative level reset.
Creating register for signal `\pwm_deadtime.\phase_cnt' using process `\pwm_deadtime.$proc$pwm_deadtime.v:54$1'.
  created $adff cell `$procdff$307' with positive edge clock and negative level reset.

2.2.8. Executing PROC_CLEAN pass (remove empty switches from decision trees).
Found and cleaned up 5 empty switches in `\pwm_dt_channel.$proc$pwm_deadtime.v:135$259'.
Removing empty process `pwm_dt_channel.$proc$pwm_deadtime.v:135$259'.
Removing empty process `pwm_deadtime.$proc$pwm_deadtime.v:65$5'.
Found and cleaned up 1 empty switch in `\pwm_deadtime.$proc$pwm_deadtime.v:54$1'.
Removing empty process `pwm_deadtime.$proc$pwm_deadtime.v:54$1'.
Cleaned up 6 empty switches.

2.3. Executing OPT_EXPR pass (perform const folding).
Optimizing module pwm_dt_channel.
<suppressed ~4 debug messages>
Optimizing module pwm_deadtime.
<suppressed ~33 debug messages>

2.4. Executing OPT_CLEAN pass (remove unused cells and wires).
Finding unused cells or wires in module \pwm_dt_channel..
Finding unused cells or wires in module \pwm_deadtime..
Removed 5 unused cells and 91 unused wires.
<suppressed ~40 debug messages>

2.5. Executing CHECK pass (checking for obvious problems).
checking module pwm_deadtime..
checking module pwm_dt_channel..
found and reported 0 problems.

2.6. Executing OPT pass (performing simple optimizations).

2.6.1. Executing OPT_EXPR pass (perform const folding).
Optimizing module pwm_deadtime.
Optimizing module pwm_dt_channel.

2.6.2. Executing OPT_MERGE pass (detect identical cells).
Finding identical cells in module `\pwm_deadtime'.
<suppressed ~120 debug messages>
Finding identical cells in module `\pwm_dt_channel'.
<suppressed ~6 debug messages>
Removed a total of 42 cells.

2.6.3. Executing OPT_MUXTREE pass (detect dead branches in mux trees).
Running muxtree optimizer on module \pwm_deadtime..
  Creating internal representation of mux trees.
  Evaluating internal representation of mux trees.
  Analyzing evaluation results.
Running muxtree optimizer on module \pwm_dt_channel..
  Creating internal representation of mux trees.
  Evaluating internal representation of mux trees.
      Replacing known input bits on port B of cell $procmux$286: \lo -> 1'1
      Replacing known input bits on port A of cell $procmux$284: \lo -> 1'0
      Replacing known input bits on port B of cell $procmux$296: \hi -> 1'1
      Replacing known input bits on port A of cell $procmux$294: \hi -> 1'0
  Analyzing evaluation results.
Removed 0 multiplexer ports.
<suppressed ~40 debug messages>

2.6.4. Executing OPT_REDUCE pass (consolidate $*mux and $reduce_* inputs).
  Optimizing cells in module \pwm_deadtime.
  Optimizing cells in module \pwm_dt_channel.
Performed a total of 0 changes.

2.6.5. Executing OPT_MERGE pass (detect identical cells).
Finding identical cells in module `\pwm_deadtime'.
<suppressed ~96 debug messages>
Finding identical cells in module `\pwm_dt_channel'.
<suppressed ~6 debug messages>
Removed a total of 34 cells.

2.6.6. Executing OPT_RMDFF pass (remove dff with constant values).

2.6.7. Executing OPT_CLEAN pass (remove unused cells and wires).
Finding unused cells or wires in module \pwm_deadtime..
Finding unused cells or wires in module \pwm_dt_channel..
Removed 0 unused cells and 76 unused wires.
<suppressed ~2 debug messages>

2.6.8. Executing OPT_EXPR pass (perform const folding).
Optimizing module pwm_deadtime.
Optimizing module pwm_dt_channel.

2.6.9. Rerunning OPT passes. (Maybe there is more to do..)

2.6.10. Executing OPT_MUXTREE pass (detect dead branches in mux trees).
Running muxtree optimizer on module \pwm_deadtime..
  Creating internal representation of mux trees.
  Evaluating internal representation of mux trees.
  Analyzing evaluation results.
Running muxtree optimizer on module \pwm_dt_channel..
  Creating internal representation of mux trees.
  Evaluating internal representation of mux trees.
  Analyzing evaluation results.
Removed 0 multiplexer ports.
<suppressed ~26 debug messages>

2.6.11. Executing OPT_REDUCE pass (consolidate $*mux and $reduce_* inputs).
  Optimizing cells in module \pwm_deadtime.
  Optimizing cells in module \pwm_dt_channel.
Performed a total of 0 changes.

2.6.12. Executing OPT_MERGE pass (detect identical cells).
Finding identical cells in module `\pwm_deadtime'.
Finding identical cells in module `\pwm_dt_channel'.
Removed a total of 0 cells.

2.6.13. Executing OPT_RMDFF pass (remove dff with constant values).

2.6.14. Executing OPT_CLEAN pass (remove unused cells and wires).
Finding unused cells or wires in module \pwm_deadtime..
Finding unused cells or wires in module \pwm_dt_channel..

2.6.15. Executing OPT_EXPR pass (perform const folding).
Optimizing module pwm_deadtime.
Optimizing module pwm_dt_channel.

2.6.16. Finished OPT passes. (There is nothing left to do.)

2.7. Executing WREDUCE pass (reducing word size of cells).
Removed top 20 bits (of 32) from port B of cell pwm_deadtime.$div$pwm_deadtime.v:93$110 ($div).
Removed top 20 bits (of 32) from port B of cell pwm_deadtime.$div$pwm_deadtime.v:93$131 ($div).
Removed top 20 bits (of 32) from port B of cell pwm_deadtime.$div$pwm_deadtime.v:93$152 ($div).
Removed top 20 bits (of 32) from port B of cell pwm_deadtime.$div$pwm_deadtime.v:93$173 ($div).
Removed top 20 bits (of 32) from port B of cell pwm_deadtime.$div$pwm_deadtime.v:93$194 ($div).
Removed top 20 bits (of 32) from port B of cell pwm_deadtime.$div$pwm_deadtime.v:93$215 ($div).
Removed top 20 bits (of 32) from port B of cell pwm_deadtime.$div$pwm_deadtime.v:93$236 ($div).
Removed top 20 bits (of 32) from port B of cell pwm_deadtime.$div$pwm_deadtime.v:93$257 ($div).
Removed top 20 bits (of 32) from port B of cell pwm_deadtime.$div$pwm_deadtime.v:93$26 ($div).
Removed top 20 bits (of 32) from port B of cell pwm_deadtime.$div$pwm_deadtime.v:93$47 ($div).
Removed top 20 bits (of 32) from port B of cell pwm_deadtime.$div$pwm_deadtime.v:93$68 ($div).
Removed top 20 bits (of 32) from port B of cell pwm_deadtime.$div$pwm_deadtime.v:93$89 ($div).
Removed top 3 bits (of 16) from port B of cell pwm_deadtime.$eq$pwm_deadtime.v:56$3 ($eq).
Removed top 15 bits (of 16) from port B of cell pwm_deadtime.$add$pwm_deadtime.v:57$4 ($add).
Removed top 16 bits (of 32) from port A of cell pwm_deadtime.$sub$pwm_deadtime.v:81$10 ($sub).
Removed top 19 bits (of 32) from port B of cell pwm_deadtime.$sub$pwm_deadtime.v:81$10 ($sub).
Removed top 16 bits (of 32) from mux cell pwm_deadtime.$ternary$pwm_deadtime.v:82$12 ($mux).
Removed top 20 bits (of 32) from mux cell pwm_deadtime.$ternary$pwm_deadtime.v:91$21 ($mux).
Removed top 20 bits (of 32) from port B of cell pwm_deadtime.$lt$pwm_deadtime.v:84$13 ($lt).
Removed top 19 bits (of 32) from port A of cell pwm_deadtime.$sub$pwm_deadtime.v:84$14 ($sub).
Removed top 16 bits (of 32) from mux cell pwm_deadtime.$ternary$pwm_deadtime.v:84$16 ($mux).
Removed top 25 bits (of 32) from port B of cell pwm_deadtime.$lt$pwm_deadtime.v:89$18 ($lt).
Removed top 20 bits (of 32) from port B of cell pwm_deadtime.$gt$pwm_deadtime.v:90$19 ($gt).
Removed top 20 bits (of 32) from mux cell pwm_deadtime.$ternary$pwm_deadtime.v:91$22 ($mux).
Removed top 20 bits (of 32) from mux cell pwm_deadtime.$ternary$pwm_deadtime.v:91$24 ($mux).
Removed top 4 bits (of 16) from port A of cell pwm_deadtime.$mul$pwm_deadtime.v:93$25 ($mul).
Removed top 20 bits (of 32) from port B of cell pwm_deadtime.$mul$pwm_deadtime.v:93$25 ($mul).
Removed top 8 bits (of 32) from port Y of cell pwm_deadtime.$mul$pwm_deadtime.v:93$25 ($mul).
Removed top 16 bits (of 32) from port A of cell pwm_deadtime.$ge$pwm_deadtime.v:80$29 ($ge).
Removed top 19 bits (of 32) from port B of cell pwm_deadtime.$ge$pwm_deadtime.v:80$29 ($ge).
Removed top 20 bits (of 32) from mux cell pwm_deadtime.$ternary$pwm_deadtime.v:91$42 ($mux).
Removed top 25 bits (of 32) from port B of cell pwm_deadtime.$lt$pwm_deadtime.v:89$39 ($lt).
Removed top 20 bits (of 32) from port B of cell pwm_deadtime.$gt$pwm_deadtime.v:90$40 ($gt).
Removed top 20 bits (of 32) from mux cell pwm_deadtime.$ternary$pwm_deadtime.v:91$43 ($mux).
Removed top 20 bits (of 32) from mux cell pwm_deadtime.$ternary$pwm_deadtime.v:91$45 ($mux).
Removed top 4 bits (of 16) from port A of cell pwm_deadtime.$mul$pwm_deadtime.v:93$46 ($mul).
Removed top 20 bits (of 32) from port B of cell pwm_deadtime.$mul$pwm_deadtime.v:93$46 ($mul).
Removed top 8 bits (of 32) from port Y of cell pwm_deadtime.$mul$pwm_deadtime.v:93$46 ($mul).
Removed top 20 bits (of 32) from mux cell pwm_deadtime.$ternary$pwm_deadtime.v:91$63 ($mux).
Removed top 25 bits (of 32) from port B of cell pwm_deadtime.$lt$pwm_deadtime.v:89$60 ($lt).
Removed top 20 bits (of 32) from port B of cell pwm_deadtime.$gt$pwm_deadtime.v:90$61 ($gt).
Removed top 20 bits (of 32) from mux cell pwm_deadtime.$ternary$pwm_deadtime.v:91$64 ($mux).
Removed top 20 bits (of 32) from mux cell pwm_deadtime.$ternary$pwm_deadtime.v:91$66 ($mux).
Removed top 4 bits (of 16) from port A of cell pwm_deadtime.$mul$pwm_deadtime.v:93$67 ($mul).
Removed top 20 bits (of 32) from port B of cell pwm_deadtime.$mul$pwm_deadtime.v:93$67 ($mul).
Removed top 8 bits (of 32) from port Y of cell pwm_deadtime.$mul$pwm_deadtime.v:93$67 ($mul).
Removed top 20 bits (of 32) from mux cell pwm_deadtime.$ternary$pwm_deadtime.v:91$84 ($mux).
Removed top 25 bits (of 32) from port B of cell pwm_deadtime.$lt$pwm_deadtime.v:89$81 ($lt).
Removed top 20 bits (of 32) from port B of cell pwm_deadtime.$gt$pwm_deadtime.v:90$82 ($gt).
Removed top 20 bits (of 32) from mux cell pwm_deadtime.$ternary$pwm_deadtime.v:91$85 ($mux).
Removed top 20 bits (of 32) from mux cell pwm_deadtime.$ternary$pwm_deadtime.v:91$87 ($mux).
Removed top 4 bits (of 16) from port A of cell pwm_deadtime.$mul$pwm_deadtime.v:93$88 ($mul).
Removed top 20 bits (of 32) from port B of cell pwm_deadtime.$mul$pwm_deadtime.v:93$88 ($mul).
Removed top 8 bits (of 32) from port Y of cell pwm_deadtime.$mul$pwm_deadtime.v:93$88 ($mul).
Removed top 20 bits (of 32) from mux cell pwm_deadtime.$ternary$pwm_deadtime.v:91$105 ($mux).
Removed top 16 bits (of 32) from mux cell pwm_deadtime.$ternary$pwm_deadtime.v:84$100 ($mux).
Removed top 25 bits (of 32) from port B of cell pwm_deadtime.$lt$pwm_deadtime.v:89$102 ($lt).
Removed top 20 bits (of 32) from port B of cell pwm_deadtime.$gt$pwm_deadtime.v:90$103 ($gt).
Removed top 20 bits (of 32) from mux cell pwm_deadtime.$ternary$pwm_deadtime.v:91$106 ($mux).
Removed top 20 bits (of 32) from mux cell pwm_deadtime.$ternary$pwm_deadtime.v:91$108 ($mux).
Removed top 4 bits (of 16) from port A of cell pwm_deadtime.$mul$pwm_deadtime.v:93$109 ($mul).
Removed top 20 bits (of 32) from port B of cell pwm_deadtime.$mul$pwm_deadtime.v:93$109 ($mul).
Removed top 8 bits (of 32) from port Y of cell pwm_deadtime.$mul$pwm_deadtime.v:93$109 ($mul).
Removed top 21 bits (of 32) from port B of cell pwm_deadtime.$add$pwm_deadtime.v:80$112 ($add).
Removed top 15 bits (of 32) from port Y of cell pwm_deadtime.$add$pwm_deadtime.v:80$112 ($add).
Removed top 15 bits (of 32) from port A of cell pwm_deadtime.$ge$pwm_deadtime.v:80$113 ($ge).
Removed top 19 bits (of 32) from port B of cell pwm_deadtime.$ge$pwm_deadtime.v:80$113 ($ge).
Removed top 20 bits (of 32) from mux cell pwm_deadtime.$ternary$pwm_deadtime.v:91$126 ($mux).
Removed top 15 bits (of 32) from port A of cell pwm_deadtime.$sub$pwm_deadtime.v:81$115 ($sub).
Removed top 19 bits (of 32) from port B of cell pwm_deadtime.$sub$pwm_deadtime.v:81$115 ($sub).
Removed top 16 bits (of 32) from mux cell pwm_deadtime.$ternary$pwm_deadtime.v:82$117 ($mux).
Removed top 20 bits (of 32) from port B of cell pwm_deadtime.$lt$pwm_deadtime.v:84$118 ($lt).
Removed top 19 bits (of 32) from port A of cell pwm_deadtime.$sub$pwm_deadtime.v:84$119 ($sub).
Removed top 16 bits (of 32) from port Y of cell pwm_deadtime.$sub$pwm_deadtime.v:84$119 ($sub).
Removed top 25 bits (of 32) from port B of cell pwm_deadtime.$lt$pwm_deadtime.v:89$123 ($lt).
Removed top 20 bits (of 32) from port B of cell pwm_deadtime.$gt$pwm_deadtime.v:90$124 ($gt).
Removed top 20 bits (of 32) from mux cell pwm_deadtime.$ternary$pwm_deadtime.v:91$127 ($mux).
Removed top 20 bits (of 32) from mux cell pwm_deadtime.$ternary$pwm_deadtime.v:91$129 ($mux).
Removed top 4 bits (of 16) from port A of cell pwm_deadtime.$mul$pwm_deadtime.v:93$130 ($mul).
Removed top 20 bits (of 32) from port B of cell pwm_deadtime.$mul$pwm_deadtime.v:93$130 ($mul).
Removed top 8 bits (of 32) from port Y of cell pwm_deadtime.$mul$pwm_deadtime.v:93$130 ($mul).
Removed top 20 bits (of 32) from port B of cell pwm_deadtime.$add$pwm_deadtime.v:80$133 ($add).
Removed top 15 bits (of 32) from port Y of cell pwm_deadtime.$add$pwm_deadtime.v:80$133 ($add).
Removed top 15 bits (of 32) from port A of cell pwm_deadtime.$ge$pwm_deadtime.v:80$134 ($ge).
Removed top 19 bits (of 32) from port B of cell pwm_deadtime.$ge$pwm_deadtime.v:80$134 ($ge).
Removed top 20 bits (of 32) from mux cell pwm_deadtime.$ternary$pwm_deadtime.v:91$147 ($mux).
Removed top 15 bits (of 32) from port A of cell pwm_deadtime.$sub$pwm_deadtime.v:81$136 ($sub).
Removed top 19 bits (of 32) from port B of cell pwm_deadtime.$sub$pwm_deadtime.v:81$136 ($sub).
Removed top 16 bits (of 32) from mux cell pwm_deadtime.$ternary$pwm_deadtime.v:82$138 ($mux).
Removed top 20 bits (of 32) from port B of cell pwm_deadtime.$lt$pwm_deadtime.v:84$139 ($lt).
Removed top 19 bits (of 32) from port A of cell pwm_deadtime.$sub$pwm_deadtime.v:84$140 ($sub).
Removed top 16 bits (of 32) from mux cell pwm_deadtime.$ternary$pwm_deadtime.v:84$142 ($mux).
Removed top 25 bits (of 32) from port B of cell pwm_deadtime.$lt$pwm_deadtime.v:89$144 ($lt).
Removed top 20 bits (of 32) from port B of cell pwm_deadtime.$gt$pwm_deadtime.v:90$145 ($gt).
Removed top 20 bits (of 32) from mux cell pwm_deadtime.$ternary$pwm_deadtime.v:91$148 ($mux).
Removed top 20 bits (of 32) from mux cell pwm_deadtime.$ternary$pwm_deadtime.v:91$150 ($mux).
Removed top 4 bits (of 16) from port A of cell pwm_deadtime.$mul$pwm_deadtime.v:93$151 ($mul).
Removed top 20 bits (of 32) from port B of cell pwm_deadtime.$mul$pwm_deadtime.v:93$151 ($mul).
Removed top 8 bits (of 32) from port Y of cell pwm_deadtime.$mul$pwm_deadtime.v:93$151 ($mul).
Removed top 20 bits (of 32) from mux cell pwm_deadtime.$ternary$pwm_deadtime.v:91$168 ($mux).
Removed top 25 bits (of 32) from port B of cell pwm_deadtime.$lt$pwm_deadtime.v:89$165 ($lt).
Removed top 20 bits (of 32) from port B of cell pwm_deadtime.$gt$pwm_deadtime.v:90$166 ($gt).
Removed top 20 bits (of 32) from mux cell pwm_deadtime.$ternary$pwm_deadtime.v:91$169 ($mux).
Removed top 20 bits (of 32) from mux cell pwm_deadtime.$ternary$pwm_deadtime.v:91$171 ($mux).
Removed top 4 bits (of 16) from port A of cell pwm_deadtime.$mul$pwm_deadtime.v:93$172 ($mul).
Removed top 20 bits (of 32) from port B of cell pwm_deadtime.$mul$pwm_deadtime.v:93$172 ($mul).
Removed top 8 bits (of 32) from port Y of cell pwm_deadtime.$mul$pwm_deadtime.v:93$172 ($mul).
Removed top 20 bits (of 32) from mux cell pwm_deadtime.$ternary$pwm_deadtime.v:91$189 ($mux).
Removed top 25 bits (of 32) from port B of cell pwm_deadtime.$lt$pwm_deadtime.v:89$186 ($lt).
Removed top 20 bits (of 32) from port B of cell pwm_deadtime.$gt$pwm_deadtime.v:90$187 ($gt).
Removed top 20 bits (of 32) from mux cell pwm_deadtime.$ternary$pwm_deadtime.v:91$190 ($mux).
Removed top 20 bits (of 32) from mux cell pwm_deadtime.$ternary$pwm_deadtime.v:91$192 ($mux).
Removed top 4 bits (of 16) from port A of cell pwm_deadtime.$mul$pwm_deadtime.v:93$193 ($mul).
Removed top 20 bits (of 32) from port B of cell pwm_deadtime.$mul$pwm_deadtime.v:93$193 ($mul).
Removed top 8 bits (of 32) from port Y of cell pwm_deadtime.$mul$pwm_deadtime.v:93$193 ($mul).
Removed top 19 bits (of 32) from port B of cell pwm_deadtime.$add$pwm_deadtime.v:80$196 ($add).
Removed top 15 bits (of 32) from port Y of cell pwm_deadtime.$add$pwm_deadtime.v:80$196 ($add).
Removed top 15 bits (of 32) from port A of cell pwm_deadtime.$ge$pwm_deadtime.v:80$197 ($ge).
Removed top 19 bits (of 32) from port B of cell pwm_deadtime.$ge$pwm_deadtime.v:80$197 ($ge).
Removed top 20 bits (of 32) from mux cell pwm_deadtime.$ternary$pwm_deadtime.v:91$210 ($mux).
Removed top 15 bits (of 32) from port A of cell pwm_deadtime.$sub$pwm_deadtime.v:81$199 ($sub).
Removed top 19 bits (of 32) from port B of cell pwm_deadtime.$sub$pwm_deadtime.v:81$199 ($sub).
Removed top 16 bits (of 32) from mux cell pwm_deadtime.$ternary$pwm_deadtime.v:82$201 ($mux).
Removed top 20 bits (of 32) from port B of cell pwm_deadtime.$lt$pwm_deadtime.v:84$202 ($lt).
Removed top 19 bits (of 32) from port A of cell pwm_deadtime.$sub$pwm_deadtime.v:84$203 ($sub).
Removed top 16 bits (of 32) from mux cell pwm_deadtime.$ternary$pwm_deadtime.v:84$205 ($mux).
Removed top 25 bits (of 32) from port B of cell pwm_deadtime.$lt$pwm_deadtime.v:89$207 ($lt).
Removed top 20 bits (of 32) from port B of cell pwm_deadtime.$gt$pwm_deadtime.v:90$208 ($gt).
Removed top 20 bits (of 32) from mux cell pwm_deadtime.$ternary$pwm_deadtime.v:91$211 ($mux).
Removed top 20 bits (of 32) from mux cell pwm_deadtime.$ternary$pwm_deadtime.v:91$213 ($mux).
Removed top 4 bits (of 16) from port A of cell pwm_deadtime.$mul$pwm_deadtime.v:93$214 ($mul).
Removed top 20 bits (of 32) from port B of cell pwm_deadtime.$mul$pwm_deadtime.v:93$214 ($mul).
Removed top 8 bits (of 32) from port Y of cell pwm_deadtime.$mul$pwm_deadtime.v:93$214 ($mul).
Removed top 20 bits (of 32) from mux cell pwm_deadtime.$ternary$pwm_deadtime.v:91$231 ($mux).
Removed top 25 bits (of 32) from port B of cell pwm_deadtime.$lt$pwm_deadtime.v:89$228 ($lt).
Removed top 20 bits (of 32) from port B of cell pwm_deadtime.$gt$pwm_deadtime.v:90$229 ($gt).
Removed top 20 bits (of 32) from mux cell pwm_deadtime.$ternary$pwm_deadtime.v:91$232 ($mux).
Removed top 20 bits (of 32) from mux cell pwm_deadtime.$ternary$pwm_deadtime.v:91$234 ($mux).
Removed top 4 bits (of 16) from port A of cell pwm_deadtime.$mul$pwm_deadtime.v:93$235 ($mul).
Removed top 20 bits (of 32) from port B of cell pwm_deadtime.$mul$pwm_deadtime.v:93$235 ($mul).
Removed top 8 bits (of 32) from port Y of cell pwm_deadtime.$mul$pwm_deadtime.v:93$235 ($mul).
Removed top 20 bits (of 32) from mux cell pwm_deadtime.$ternary$pwm_deadtime.v:91$252 ($mux).
Removed top 25 bits (of 32) from port B of cell pwm_deadtime.$lt$pwm_deadtime.v:89$249 ($lt).
Removed top 20 bits (of 32) from port B of cell pwm_deadtime.$gt$pwm_deadtime.v:90$250 ($gt).
Removed top 20 bits (of 32) from mux cell pwm_deadtime.$ternary$pwm_deadtime.v:91$253 ($mux).
Removed top 20 bits (of 32) from mux cell pwm_deadtime.$ternary$pwm_deadtime.v:91$255 ($mux).
Removed top 4 bits (of 16) from port A of cell pwm_deadtime.$mul$pwm_deadtime.v:93$256 ($mul).
Removed top 20 bits (of 32) from port B of cell pwm_deadtime.$mul$pwm_deadtime.v:93$256 ($mul).
Removed top 8 bits (of 32) from port Y of cell pwm_deadtime.$mul$pwm_deadtime.v:93$256 ($mul).
Removed top 16 bits (of 32) from port Y of cell pwm_deadtime.$sub$pwm_deadtime.v:81$10 ($sub).
Removed top 16 bits (of 32) from port Y of cell pwm_deadtime.$sub$pwm_deadtime.v:84$14 ($sub).
Removed top 16 bits (of 32) from port Y of cell pwm_deadtime.$sub$pwm_deadtime.v:81$115 ($sub).
Removed top 1 bits (of 17) from port A of cell pwm_deadtime.$sub$pwm_deadtime.v:81$115 ($sub).
Removed top 16 bits (of 32) from port Y of cell pwm_deadtime.$sub$pwm_deadtime.v:81$136 ($sub).
Removed top 1 bits (of 17) from port A of cell pwm_deadtime.$sub$pwm_deadtime.v:81$136 ($sub).
Removed top 16 bits (of 32) from port Y of cell pwm_deadtime.$sub$pwm_deadtime.v:84$140 ($sub).
Removed top 16 bits (of 32) from port Y of cell pwm_deadtime.$sub$pwm_deadtime.v:81$199 ($sub).
Removed top 1 bits (of 17) from port A of cell pwm_deadtime.$sub$pwm_deadtime.v:81$199 ($sub).
Removed top 16 bits (of 32) from port Y of cell pwm_deadtime.$sub$pwm_deadtime.v:84$203 ($sub).
Removed top 15 bits (of 32) from wire pwm_deadtime.$add$pwm_deadtime.v:80$112_Y.
Removed top 15 bits (of 32) from wire pwm_deadtime.$add$pwm_deadtime.v:80$133_Y.
Removed top 15 bits (of 32) from wire pwm_deadtime.$add$pwm_deadtime.v:80$196_Y.
Removed top 8 bits (of 32) from wire pwm_deadtime.$mul$pwm_deadtime.v:93$109_Y.
Removed top 8 bits (of 32) from wire pwm_deadtime.$mul$pwm_deadtime.v:93$130_Y.
Removed top 8 bits (of 32) from wire pwm_deadtime.$mul$pwm_deadtime.v:93$25_Y.
Removed top 8 bits (of 32) from wire pwm_deadtime.$mul$pwm_deadtime.v:93$46_Y.
Removed top 8 bits (of 32) from wire pwm_deadtime.$mul$pwm_deadtime.v:93$67_Y.
Removed top 8 bits (of 32) from wire pwm_deadtime.$mul$pwm_deadtime.v:93$88_Y.
Removed top 16 bits (of 32) from wire pwm_deadtime.$sub$pwm_deadtime.v:81$10_Y.
Removed top 16 bits (of 32) from wire pwm_deadtime.$sub$pwm_deadtime.v:84$14_Y.
Removed top 20 bits (of 32) from wire pwm_deadtime.$ternary$pwm_deadtime.v:91$105_Y.
Removed top 20 bits (of 32) from wire pwm_deadtime.$ternary$pwm_deadtime.v:91$106_Y.
Removed top 20 bits (of 32) from wire pwm_deadtime.$ternary$pwm_deadtime.v:91$108_Y.
Removed top 20 bits (of 32) from wire pwm_deadtime.$ternary$pwm_deadtime.v:91$129_Y.
Removed top 20 bits (of 32) from wire pwm_deadtime.$ternary$pwm_deadtime.v:91$150_Y.
Removed top 20 bits (of 32) from wire pwm_deadtime.$ternary$pwm_deadtime.v:91$171_Y.
Removed top 20 bits (of 32) from wire pwm_deadtime.$ternary$pwm_deadtime.v:91$192_Y.
Removed top 20 bits (of 32) from wire pwm_deadtime.$ternary$pwm_deadtime.v:91$213_Y.
Removed top 20 bits (of 32) from wire pwm_deadtime.$ternary$pwm_deadtime.v:91$22_Y.
Removed top 20 bits (of 32) from wire pwm_deadtime.$ternary$pwm_deadtime.v:91$234_Y.
Removed top 20 bits (of 32) from wire pwm_deadtime.$ternary$pwm_deadtime.v:91$24_Y.
Removed top 20 bits (of 32) from wire pwm_deadtime.$ternary$pwm_deadtime.v:91$255_Y.
Removed top 20 bits (of 32) from wire pwm_deadtime.$ternary$pwm_deadtime.v:91$45_Y.
Removed top 20 bits (of 32) from wire pwm_deadtime.$ternary$pwm_deadtime.v:91$66_Y.
Removed top 20 bits (of 32) from wire pwm_deadtime.$ternary$pwm_deadtime.v:91$87_Y.
Removed top 4 bits (of 16) from wire pwm_deadtime.g_canal[0].duty_cl.
Removed top 4 bits (of 16) from wire pwm_deadtime.g_canal[10].duty_cl.
Removed top 4 bits (of 16) from wire pwm_deadtime.g_canal[11].duty_cl.
Removed top 4 bits (of 16) from wire pwm_deadtime.g_canal[1].duty_cl.
Removed top 4 bits (of 16) from wire pwm_deadtime.g_canal[2].duty_cl.
Removed top 4 bits (of 16) from wire pwm_deadtime.g_canal[3].duty_cl.
Removed top 4 bits (of 16) from wire pwm_deadtime.g_canal[4].duty_cl.
Removed top 4 bits (of 16) from wire pwm_deadtime.g_canal[5].duty_cl.
Removed top 4 bits (of 16) from wire pwm_deadtime.g_canal[6].duty_cl.
Removed top 4 bits (of 16) from wire pwm_deadtime.g_canal[7].duty_cl.
Removed top 4 bits (of 16) from wire pwm_deadtime.g_canal[8].duty_cl.
Removed top 4 bits (of 16) from wire pwm_deadtime.g_canal[9].duty_cl.
Removed top 15 bits (of 16) from port B of cell pwm_dt_channel.$add$pwm_deadtime.v:148$263 ($add).

2.8. Executing PEEPOPT pass (run peephole optimizers).

2.9. Executing OPT_CLEAN pass (remove unused cells and wires).
Finding unused cells or wires in module \pwm_deadtime..
Finding unused cells or wires in module \pwm_dt_channel..
Removed 0 unused cells and 58 unused wires.
<suppressed ~1 debug messages>

2.10. Executing TECHMAP pass (map to technology primitives).

2.10.1. Executing Verilog-2005 frontend: /usr/bin/../share/yosys/cmp2lut.v
Parsing Verilog input from `/usr/bin/../share/yosys/cmp2lut.v' to AST representation.
Generating RTLIL representation for module `\_90_lut_cmp_'.
Successfully finished Verilog frontend.

2.10.2. Continuing TECHMAP pass.
No more expansions possible.
<suppressed ~136 debug messages>

2.11. Executing ALUMACC pass (create $alu and $macc cells).
Extracting $alu and $macc cells in module pwm_deadtime:
  creating $macc model for $add$pwm_deadtime.v:57$4 ($add).
  creating $macc model for $add$pwm_deadtime.v:80$112 ($add).
  creating $macc model for $add$pwm_deadtime.v:80$133 ($add).
  creating $macc model for $add$pwm_deadtime.v:80$196 ($add).
  creating $macc model for $mul$pwm_deadtime.v:93$109 ($mul).
  creating $macc model for $mul$pwm_deadtime.v:93$130 ($mul).
  creating $macc model for $mul$pwm_deadtime.v:93$151 ($mul).
  creating $macc model for $mul$pwm_deadtime.v:93$172 ($mul).
  creating $macc model for $mul$pwm_deadtime.v:93$193 ($mul).
  creating $macc model for $mul$pwm_deadtime.v:93$214 ($mul).
  creating $macc model for $mul$pwm_deadtime.v:93$235 ($mul).
  creating $macc model for $mul$pwm_deadtime.v:93$25 ($mul).
  creating $macc model for $mul$pwm_deadtime.v:93$256 ($mul).
  creating $macc model for $mul$pwm_deadtime.v:93$46 ($mul).
  creating $macc model for $mul$pwm_deadtime.v:93$67 ($mul).
  creating $macc model for $mul$pwm_deadtime.v:93$88 ($mul).
  creating $macc model for $sub$pwm_deadtime.v:81$10 ($sub).
  creating $macc model for $sub$pwm_deadtime.v:81$115 ($sub).
  creating $macc model for $sub$pwm_deadtime.v:81$136 ($sub).
  creating $macc model for $sub$pwm_deadtime.v:81$199 ($sub).
  creating $macc model for $sub$pwm_deadtime.v:84$119 ($sub).
  creating $macc model for $sub$pwm_deadtime.v:84$14 ($sub).
  creating $macc model for $sub$pwm_deadtime.v:84$140 ($sub).
  creating $macc model for $sub$pwm_deadtime.v:84$203 ($sub).
  creating $alu model for $macc $sub$pwm_deadtime.v:84$203.
  creating $alu model for $macc $sub$pwm_deadtime.v:84$140.
  creating $alu model for $macc $sub$pwm_deadtime.v:84$14.
  creating $alu model for $macc $sub$pwm_deadtime.v:84$119.
  creating $alu model for $macc $sub$pwm_deadtime.v:81$199.
  creating $alu model for $macc $sub$pwm_deadtime.v:81$136.
  creating $alu model for $macc $sub$pwm_deadtime.v:81$115.
  creating $alu model for $macc $sub$pwm_deadtime.v:81$10.
  creating $alu model for $macc $add$pwm_deadtime.v:80$196.
  creating $alu model for $macc $add$pwm_deadtime.v:80$133.
  creating $alu model for $macc $add$pwm_deadtime.v:80$112.
  creating $alu model for $macc $add$pwm_deadtime.v:57$4.
  creating $macc cell for $mul$pwm_deadtime.v:93$25: $auto$alumacc.cc:354:replace_macc$346
  creating $macc cell for $mul$pwm_deadtime.v:93$235: $auto$alumacc.cc:354:replace_macc$347
  creating $macc cell for $mul$pwm_deadtime.v:93$214: $auto$alumacc.cc:354:replace_macc$348
  creating $macc cell for $mul$pwm_deadtime.v:93$193: $auto$alumacc.cc:354:replace_macc$349
  creating $macc cell for $mul$pwm_deadtime.v:93$172: $auto$alumacc.cc:354:replace_macc$350
  creating $macc cell for $mul$pwm_deadtime.v:93$151: $auto$alumacc.cc:354:replace_macc$351
  creating $macc cell for $mul$pwm_deadtime.v:93$130: $auto$alumacc.cc:354:replace_macc$352
  creating $macc cell for $mul$pwm_deadtime.v:93$109: $auto$alumacc.cc:354:replace_macc$353
  creating $macc cell for $mul$pwm_deadtime.v:93$88: $auto$alumacc.cc:354:replace_macc$354
  creating $macc cell for $mul$pwm_deadtime.v:93$67: $auto$alumacc.cc:354:replace_macc$355
  creating $macc cell for $mul$pwm_deadtime.v:93$46: $auto$alumacc.cc:354:replace_macc$356
  creating $macc cell for $mul$pwm_deadtime.v:93$256: $auto$alumacc.cc:354:replace_macc$357
  creating $alu model for $ge$pwm_deadtime.v:80$113 ($ge): new $alu
  creating $alu model for $ge$pwm_deadtime.v:80$134 ($ge): new $alu
  creating $alu model for $ge$pwm_deadtime.v:80$197 ($ge): new $alu
  creating $alu model for $ge$pwm_deadtime.v:80$29 ($ge): new $alu
  creating $alu model for $gt$pwm_deadtime.v:90$103 ($gt): new $alu
  creating $alu model for $gt$pwm_deadtime.v:90$124 ($gt): new $alu
  creating $alu model for $gt$pwm_deadtime.v:90$145 ($gt): new $alu
  creating $alu model for $gt$pwm_deadtime.v:90$166 ($gt): new $alu
  creating $alu model for $gt$pwm_deadtime.v:90$187 ($gt): new $alu
  creating $alu model for $gt$pwm_deadtime.v:90$19 ($gt): new $alu
  creating $alu model for $gt$pwm_deadtime.v:90$208 ($gt): new $alu
  creating $alu model for $gt$pwm_deadtime.v:90$229 ($gt): new $alu
  creating $alu model for $gt$pwm_deadtime.v:90$250 ($gt): new $alu
  creating $alu model for $gt$pwm_deadtime.v:90$40 ($gt): new $alu
  creating $alu model for $gt$pwm_deadtime.v:90$61 ($gt): new $alu
  creating $alu model for $gt$pwm_deadtime.v:90$82 ($gt): new $alu
  creating $alu model for $lt$pwm_deadtime.v:84$118 ($lt): new $alu
  creating $alu model for $lt$pwm_deadtime.v:84$13 ($lt): new $alu
  creating $alu model for $lt$pwm_deadtime.v:84$139 ($lt): new $alu
  creating $alu model for $lt$pwm_deadtime.v:84$202 ($lt): new $alu
  creating $alu model for $lt$pwm_deadtime.v:89$102 ($lt): new $alu
  creating $alu model for $lt$pwm_deadtime.v:89$123 ($lt): new $alu
  creating $alu model for $lt$pwm_deadtime.v:89$144 ($lt): new $alu
  creating $alu model for $lt$pwm_deadtime.v:89$165 ($lt): new $alu
  creating $alu model for $lt$pwm_deadtime.v:89$18 ($lt): new $alu
  creating $alu model for $lt$pwm_deadtime.v:89$186 ($lt): new $alu
  creating $alu model for $lt$pwm_deadtime.v:89$207 ($lt): new $alu
  creating $alu model for $lt$pwm_deadtime.v:89$228 ($lt): new $alu
  creating $alu model for $lt$pwm_deadtime.v:89$249 ($lt): new $alu
  creating $alu model for $lt$pwm_deadtime.v:89$39 ($lt): new $alu
  creating $alu model for $lt$pwm_deadtime.v:89$60 ($lt): new $alu
  creating $alu model for $lt$pwm_deadtime.v:89$81 ($lt): new $alu
  creating $alu model for $lt$pwm_deadtime.v:96$111 ($lt): new $alu
  creating $alu model for $lt$pwm_deadtime.v:96$132 ($lt): new $alu
  creating $alu model for $lt$pwm_deadtime.v:96$153 ($lt): new $alu
  creating $alu model for $lt$pwm_deadtime.v:96$174 ($lt): new $alu
  creating $alu model for $lt$pwm_deadtime.v:96$195 ($lt): new $alu
  creating $alu model for $lt$pwm_deadtime.v:96$216 ($lt): new $alu
  creating $alu model for $lt$pwm_deadtime.v:96$237 ($lt): new $alu
  creating $alu model for $lt$pwm_deadtime.v:96$258 ($lt): new $alu
  creating $alu model for $lt$pwm_deadtime.v:96$27 ($lt): new $alu
  creating $alu model for $lt$pwm_deadtime.v:96$48 ($lt): new $alu
  creating $alu model for $lt$pwm_deadtime.v:96$69 ($lt): new $alu
  creating $alu model for $lt$pwm_deadtime.v:96$90 ($lt): new $alu
  creating $alu cell for $lt$pwm_deadtime.v:96$90: $auto$alumacc.cc:474:replace_alu$402
  creating $alu cell for $lt$pwm_deadtime.v:96$69: $auto$alumacc.cc:474:replace_alu$407
  creating $alu cell for $lt$pwm_deadtime.v:96$48: $auto$alumacc.cc:474:replace_alu$412
  creating $alu cell for $lt$pwm_deadtime.v:96$27: $auto$alumacc.cc:474:replace_alu$417
  creating $alu cell for $lt$pwm_deadtime.v:96$258: $auto$alumacc.cc:474:replace_alu$422
  creating $alu cell for $lt$pwm_deadtime.v:96$237: $auto$alumacc.cc:474:replace_alu$427
  creating $alu cell for $lt$pwm_deadtime.v:96$216: $auto$alumacc.cc:474:replace_alu$432
  creating $alu cell for $lt$pwm_deadtime.v:96$195: $auto$alumacc.cc:474:replace_alu$437
  creating $alu cell for $lt$pwm_deadtime.v:96$174: $auto$alumacc.cc:474:replace_alu$442
  creating $alu cell for $lt$pwm_deadtime.v:96$153: $auto$alumacc.cc:474:replace_alu$447
  creating $alu cell for $lt$pwm_deadtime.v:96$132: $auto$alumacc.cc:474:replace_alu$452
  creating $alu cell for $lt$pwm_deadtime.v:96$111: $auto$alumacc.cc:474:replace_alu$457
  creating $alu cell for $lt$pwm_deadtime.v:89$81: $auto$alumacc.cc:474:replace_alu$462
  creating $alu cell for $lt$pwm_deadtime.v:89$60: $auto$alumacc.cc:474:replace_alu$473
  creating $alu cell for $lt$pwm_deadtime.v:89$39: $auto$alumacc.cc:474:replace_alu$484
  creating $alu cell for $lt$pwm_deadtime.v:89$249: $auto$alumacc.cc:474:replace_alu$495
  creating $alu cell for $lt$pwm_deadtime.v:89$228: $auto$alumacc.cc:474:replace_alu$506
  creating $alu cell for $lt$pwm_deadtime.v:89$207: $auto$alumacc.cc:474:replace_alu$517
  creating $alu cell for $lt$pwm_deadtime.v:89$186: $auto$alumacc.cc:474:replace_alu$528
  creating $alu cell for $lt$pwm_deadtime.v:89$18: $auto$alumacc.cc:474:replace_alu$539
  creating $alu cell for $lt$pwm_deadtime.v:89$165: $auto$alumacc.cc:474:replace_alu$550
  creating $alu cell for $lt$pwm_deadtime.v:89$144: $auto$alumacc.cc:474:replace_alu$561
  creating $alu cell for $lt$pwm_deadtime.v:89$123: $auto$alumacc.cc:474:replace_alu$572
  creating $alu cell for $lt$pwm_deadtime.v:89$102: $auto$alumacc.cc:474:replace_alu$583
  creating $alu cell for $lt$pwm_deadtime.v:84$202: $auto$alumacc.cc:474:replace_alu$594
  creating $alu cell for $lt$pwm_deadtime.v:84$139: $auto$alumacc.cc:474:replace_alu$605
  creating $alu cell for $lt$pwm_deadtime.v:84$13: $auto$alumacc.cc:474:replace_alu$616
  creating $alu cell for $lt$pwm_deadtime.v:84$118: $auto$alumacc.cc:474:replace_alu$627
  creating $alu cell for $gt$pwm_deadtime.v:90$82: $auto$alumacc.cc:474:replace_alu$638
  creating $alu cell for $gt$pwm_deadtime.v:90$61: $auto$alumacc.cc:474:replace_alu$649
  creating $alu cell for $gt$pwm_deadtime.v:90$40: $auto$alumacc.cc:474:replace_alu$660
  creating $alu cell for $gt$pwm_deadtime.v:90$250: $auto$alumacc.cc:474:replace_alu$671
  creating $alu cell for $gt$pwm_deadtime.v:90$229: $auto$alumacc.cc:474:replace_alu$682
  creating $alu cell for $gt$pwm_deadtime.v:90$208: $auto$alumacc.cc:474:replace_alu$693
  creating $alu cell for $gt$pwm_deadtime.v:90$19: $auto$alumacc.cc:474:replace_alu$704
  creating $alu cell for $gt$pwm_deadtime.v:90$187: $auto$alumacc.cc:474:replace_alu$715
  creating $alu cell for $gt$pwm_deadtime.v:90$166: $auto$alumacc.cc:474:replace_alu$726
  creating $alu cell for $gt$pwm_deadtime.v:90$145: $auto$alumacc.cc:474:replace_alu$737
  creating $alu cell for $gt$pwm_deadtime.v:90$124: $auto$alumacc.cc:474:replace_alu$748
  creating $alu cell for $gt$pwm_deadtime.v:90$103: $auto$alumacc.cc:474:replace_alu$759
  creating $alu cell for $ge$pwm_deadtime.v:80$29: $auto$alumacc.cc:474:replace_alu$770
  creating $alu cell for $ge$pwm_deadtime.v:80$197: $auto$alumacc.cc:474:replace_alu$779
  creating $alu cell for $ge$pwm_deadtime.v:80$134: $auto$alumacc.cc:474:replace_alu$788
  creating $alu cell for $ge$pwm_deadtime.v:80$113: $auto$alumacc.cc:474:replace_alu$797
  creating $alu cell for $add$pwm_deadtime.v:57$4: $auto$alumacc.cc:474:replace_alu$806
  creating $alu cell for $add$pwm_deadtime.v:80$112: $auto$alumacc.cc:474:replace_alu$809
  creating $alu cell for $add$pwm_deadtime.v:80$133: $auto$alumacc.cc:474:replace_alu$812
  creating $alu cell for $add$pwm_deadtime.v:80$196: $auto$alumacc.cc:474:replace_alu$815
  creating $alu cell for $sub$pwm_deadtime.v:81$10: $auto$alumacc.cc:474:replace_alu$818
  creating $alu cell for $sub$pwm_deadtime.v:81$115: $auto$alumacc.cc:474:replace_alu$821
  creating $alu cell for $sub$pwm_deadtime.v:81$136: $auto$alumacc.cc:474:replace_alu$824
  creating $alu cell for $sub$pwm_deadtime.v:81$199: $auto$alumacc.cc:474:replace_alu$827
  creating $alu cell for $sub$pwm_deadtime.v:84$119: $auto$alumacc.cc:474:replace_alu$830
  creating $alu cell for $sub$pwm_deadtime.v:84$14: $auto$alumacc.cc:474:replace_alu$833
  creating $alu cell for $sub$pwm_deadtime.v:84$140: $auto$alumacc.cc:474:replace_alu$836
  creating $alu cell for $sub$pwm_deadtime.v:84$203: $auto$alumacc.cc:474:replace_alu$839
  created 56 $alu and 12 $macc cells.
Extracting $alu and $macc cells in module pwm_dt_channel:
  creating $macc model for $add$pwm_deadtime.v:148$263 ($add).
  creating $alu model for $macc $add$pwm_deadtime.v:148$263.
  creating $alu model for $ge$pwm_deadtime.v:144$262 ($ge): new $alu
  creating $alu cell for $ge$pwm_deadtime.v:144$262: $auto$alumacc.cc:474:replace_alu$843
  creating $alu cell for $add$pwm_deadtime.v:148$263: $auto$alumacc.cc:474:replace_alu$852
  created 2 $alu and 0 $macc cells.

2.12. Executing SHARE pass (SAT-based resource sharing).

2.13. Executing OPT pass (performing simple optimizations).

2.13.1. Executing OPT_EXPR pass (perform const folding).
Optimizing module pwm_deadtime.
<suppressed ~28 debug messages>
Optimizing module pwm_dt_channel.

2.13.2. Executing OPT_MERGE pass (detect identical cells).
Finding identical cells in module `\pwm_deadtime'.
Finding identical cells in module `\pwm_dt_channel'.
Removed a total of 0 cells.

2.13.3. Executing OPT_MUXTREE pass (detect dead branches in mux trees).
Running muxtree optimizer on module \pwm_deadtime..
  Creating internal representation of mux trees.
  Evaluating internal representation of mux trees.
  Analyzing evaluation results.
Running muxtree optimizer on module \pwm_dt_channel..
  Creating internal representation of mux trees.
  Evaluating internal representation of mux trees.
  Analyzing evaluation results.
Removed 0 multiplexer ports.
<suppressed ~26 debug messages>

2.13.4. Executing OPT_REDUCE pass (consolidate $*mux and $reduce_* inputs).
  Optimizing cells in module \pwm_deadtime.
    New input vector for $reduce_or cell $auto$alumacc.cc:509:replace_alu$777: { $auto$rtlil.cc:1832:Not$774 $auto$rtlil.cc:1835:ReduceAnd$776 }
    New input vector for $reduce_or cell $auto$alumacc.cc:509:replace_alu$786: { $auto$rtlil.cc:1832:Not$783 $auto$rtlil.cc:1835:ReduceAnd$785 }
    New input vector for $reduce_or cell $auto$alumacc.cc:509:replace_alu$795: { $auto$rtlil.cc:1832:Not$792 $auto$rtlil.cc:1835:ReduceAnd$794 }
    New input vector for $reduce_or cell $auto$alumacc.cc:509:replace_alu$804: { $auto$rtlil.cc:1832:Not$801 $auto$rtlil.cc:1835:ReduceAnd$803 }
    New input vector for $reduce_and cell $auto$alumacc.cc:64:get_eq$469: { $auto$alumacc.cc:490:replace_alu$463 [0] $auto$alumacc.cc:490:replace_alu$463 [1] $auto$alumacc.cc:490:replace_alu$463 [2] $auto$alumacc.cc:490:replace_alu$463 [3] $auto$alumacc.cc:490:replace_alu$463 [4] $auto$alumacc.cc:490:replace_alu$463 [5] $auto$alumacc.cc:490:replace_alu$463 [6] $auto$alumacc.cc:490:replace_alu$463 [7] $auto$alumacc.cc:490:replace_alu$463 [8] $auto$alumacc.cc:490:replace_alu$463 [9] $auto$alumacc.cc:490:replace_alu$463 [10] $auto$alumacc.cc:490:replace_alu$463 [11] }
    New input vector for $reduce_and cell $auto$alumacc.cc:64:get_eq$480: { $auto$alumacc.cc:490:replace_alu$474 [0] $auto$alumacc.cc:490:replace_alu$474 [1] $auto$alumacc.cc:490:replace_alu$474 [2] $auto$alumacc.cc:490:replace_alu$474 [3] $auto$alumacc.cc:490:replace_alu$474 [4] $auto$alumacc.cc:490:replace_alu$474 [5] $auto$alumacc.cc:490:replace_alu$474 [6] $auto$alumacc.cc:490:replace_alu$474 [7] $auto$alumacc.cc:490:replace_alu$474 [8] $auto$alumacc.cc:490:replace_alu$474 [9] $auto$alumacc.cc:490:replace_alu$474 [10] $auto$alumacc.cc:490:replace_alu$474 [11] }
    New input vector for $reduce_and cell $auto$alumacc.cc:64:get_eq$491: { $auto$alumacc.cc:490:replace_alu$485 [0] $auto$alumacc.cc:490:replace_alu$485 [1] $auto$alumacc.cc:490:replace_alu$485 [2] $auto$alumacc.cc:490:replace_alu$485 [3] $auto$alumacc.cc:490:replace_alu$485 [4] $auto$alumacc.cc:490:replace_alu$485 [5] $auto$alumacc.cc:490:replace_alu$485 [6] $auto$alumacc.cc:490:replace_alu$485 [7] $auto$alumacc.cc:490:replace_alu$485 [8] $auto$alumacc.cc:490:replace_alu$485 [9] $auto$alumacc.cc:490:replace_alu$485 [10] $auto$alumacc.cc:490:replace_alu$485 [11] }
    New input vector for $reduce_and cell $auto$alumacc.cc:64:get_eq$502: { $auto$alumacc.cc:490:replace_alu$496 [0] $auto$alumacc.cc:490:replace_alu$496 [1] $auto$alumacc.cc:490:replace_alu$496 [2] $auto$alumacc.cc:490:replace_alu$496 [3] $auto$alumacc.cc:490:replace_alu$496 [4] $auto$alumacc.cc:490:replace_alu$496 [5] $auto$alumacc.cc:490:replace_alu$496 [6] $auto$alumacc.cc:490:replace_alu$496 [7] $auto$alumacc.cc:490:replace_alu$496 [8] $auto$alumacc.cc:490:replace_alu$496 [9] $auto$alumacc.cc:490:replace_alu$496 [10] $auto$alumacc.cc:490:replace_alu$496 [11] }
    New input vector for $reduce_and cell $auto$alumacc.cc:64:get_eq$513: { $auto$alumacc.cc:490:replace_alu$507 [0] $auto$alumacc.cc:490:replace_alu$507 [1] $auto$alumacc.cc:490:replace_alu$507 [2] $auto$alumacc.cc:490:replace_alu$507 [3] $auto$alumacc.cc:490:replace_alu$507 [4] $auto$alumacc.cc:490:replace_alu$507 [5] $auto$alumacc.cc:490:replace_alu$507 [6] $auto$alumacc.cc:490:replace_alu$507 [7] $auto$alumacc.cc:490:replace_alu$507 [8] $auto$alumacc.cc:490:replace_alu$507 [9] $auto$alumacc.cc:490:replace_alu$507 [10] $auto$alumacc.cc:490:replace_alu$507 [11] }
    New input vector for $reduce_and cell $auto$alumacc.cc:64:get_eq$524: { $auto$alumacc.cc:490:replace_alu$518 [0] $auto$alumacc.cc:490:replace_alu$518 [1] $auto$alumacc.cc:490:replace_alu$518 [2] $auto$alumacc.cc:490:replace_alu$518 [3] $auto$alumacc.cc:490:replace_alu$518 [4] $auto$alumacc.cc:490:replace_alu$518 [5] $auto$alumacc.cc:490:replace_alu$518 [6] $auto$alumacc.cc:490:replace_alu$518 [7] $auto$alumacc.cc:490:replace_alu$518 [8] $auto$alumacc.cc:490:replace_alu$518 [9] $auto$alumacc.cc:490:replace_alu$518 [10] $auto$alumacc.cc:490:replace_alu$518 [11] }
    New input vector for $reduce_and cell $auto$alumacc.cc:64:get_eq$535: { $auto$alumacc.cc:490:replace_alu$529 [0] $auto$alumacc.cc:490:replace_alu$529 [1] $auto$alumacc.cc:490:replace_alu$529 [2] $auto$alumacc.cc:490:replace_alu$529 [3] $auto$alumacc.cc:490:replace_alu$529 [4] $auto$alumacc.cc:490:replace_alu$529 [5] $auto$alumacc.cc:490:replace_alu$529 [6] $auto$alumacc.cc:490:replace_alu$529 [7] $auto$alumacc.cc:490:replace_alu$529 [8] $auto$alumacc.cc:490:replace_alu$529 [9] $auto$alumacc.cc:490:replace_alu$529 [10] $auto$alumacc.cc:490:replace_alu$529 [11] }
    New input vector for $reduce_and cell $auto$alumacc.cc:64:get_eq$546: { $auto$alumacc.cc:490:replace_alu$540 [0] $auto$alumacc.cc:490:replace_alu$540 [1] $auto$alumacc.cc:490:replace_alu$540 [2] $auto$alumacc.cc:490:replace_alu$540 [3] $auto$alumacc.cc:490:replace_alu$540 [4] $auto$alumacc.cc:490:replace_alu$540 [5] $auto$alumacc.cc:490:replace_alu$540 [6] $auto$alumacc.cc:490:replace_alu$540 [7] $auto$alumacc.cc:490:replace_alu$540 [8] $auto$alumacc.cc:490:replace_alu$540 [9] $auto$alumacc.cc:490:replace_alu$540 [10] $auto$alumacc.cc:490:replace_alu$540 [11] }
    New input vector for $reduce_and cell $auto$alumacc.cc:64:get_eq$557: { $auto$alumacc.cc:490:replace_alu$551 [0] $auto$alumacc.cc:490:replace_alu$551 [1] $auto$alumacc.cc:490:replace_alu$551 [2] $auto$alumacc.cc:490:replace_alu$551 [3] $auto$alumacc.cc:490:replace_alu$551 [4] $auto$alumacc.cc:490:replace_alu$551 [5] $auto$alumacc.cc:490:replace_alu$551 [6] $auto$alumacc.cc:490:replace_alu$551 [7] $auto$alumacc.cc:490:replace_alu$551 [8] $auto$alumacc.cc:490:replace_alu$551 [9] $auto$alumacc.cc:490:replace_alu$551 [10] $auto$alumacc.cc:490:replace_alu$551 [11] }
    New input vector for $reduce_and cell $auto$alumacc.cc:64:get_eq$568: { $auto$alumacc.cc:490:replace_alu$562 [0] $auto$alumacc.cc:490:replace_alu$562 [1] $auto$alumacc.cc:490:replace_alu$562 [2] $auto$alumacc.cc:490:replace_alu$562 [3] $auto$alumacc.cc:490:replace_alu$562 [4] $auto$alumacc.cc:490:replace_alu$562 [5] $auto$alumacc.cc:490:replace_alu$562 [6] $auto$alumacc.cc:490:replace_alu$562 [7] $auto$alumacc.cc:490:replace_alu$562 [8] $auto$alumacc.cc:490:replace_alu$562 [9] $auto$alumacc.cc:490:replace_alu$562 [10] $auto$alumacc.cc:490:replace_alu$562 [11] }
    New input vector for $reduce_and cell $auto$alumacc.cc:64:get_eq$579: { $auto$alumacc.cc:490:replace_alu$573 [0] $auto$alumacc.cc:490:replace_alu$573 [1] $auto$alumacc.cc:490:replace_alu$573 [2] $auto$alumacc.cc:490:replace_alu$573 [3] $auto$alumacc.cc:490:replace_alu$573 [4] $auto$alumacc.cc:490:replace_alu$573 [5] $auto$alumacc.cc:490:replace_alu$573 [6] $auto$alumacc.cc:490:replace_alu$573 [7] $auto$alumacc.cc:490:replace_alu$573 [8] $auto$alumacc.cc:490:replace_alu$573 [9] $auto$alumacc.cc:490:replace_alu$573 [10] $auto$alumacc.cc:490:replace_alu$573 [11] }
    New input vector for $reduce_and cell $auto$alumacc.cc:64:get_eq$590: { $auto$alumacc.cc:490:replace_alu$584 [0] $auto$alumacc.cc:490:replace_alu$584 [1] $auto$alumacc.cc:490:replace_alu$584 [2] $auto$alumacc.cc:490:replace_alu$584 [3] $auto$alumacc.cc:490:replace_alu$584 [4] $auto$alumacc.cc:490:replace_alu$584 [5] $auto$alumacc.cc:490:replace_alu$584 [6] $auto$alumacc.cc:490:replace_alu$584 [7] $auto$alumacc.cc:490:replace_alu$584 [8] $auto$alumacc.cc:490:replace_alu$584 [9] $auto$alumacc.cc:490:replace_alu$584 [10] $auto$alumacc.cc:490:replace_alu$584 [11] }
    New input vector for $reduce_and cell $auto$alumacc.cc:64:get_eq$601: { $auto$alumacc.cc:490:replace_alu$595 [0] $auto$alumacc.cc:490:replace_alu$595 [1] $auto$alumacc.cc:490:replace_alu$595 [2] $auto$alumacc.cc:490:replace_alu$595 [3] $auto$alumacc.cc:490:replace_alu$595 [4] $auto$alumacc.cc:490:replace_alu$595 [5] $auto$alumacc.cc:490:replace_alu$595 [6] $auto$alumacc.cc:490:replace_alu$595 [7] $auto$alumacc.cc:490:replace_alu$595 [8] $auto$alumacc.cc:490:replace_alu$595 [9] $auto$alumacc.cc:490:replace_alu$595 [10] $auto$alumacc.cc:490:replace_alu$595 [11] $auto$alumacc.cc:490:replace_alu$595 [12] $auto$alumacc.cc:490:replace_alu$595 [13] $auto$alumacc.cc:490:replace_alu$595 [14] $auto$alumacc.cc:490:replace_alu$595 [15] }
    New input vector for $reduce_and cell $auto$alumacc.cc:64:get_eq$612: { $auto$alumacc.cc:490:replace_alu$606 [0] $auto$alumacc.cc:490:replace_alu$606 [1] $auto$alumacc.cc:490:replace_alu$606 [2] $auto$alumacc.cc:490:replace_alu$606 [3] $auto$alumacc.cc:490:replace_alu$606 [4] $auto$alumacc.cc:490:replace_alu$606 [5] $auto$alumacc.cc:490:replace_alu$606 [6] $auto$alumacc.cc:490:replace_alu$606 [7] $auto$alumacc.cc:490:replace_alu$606 [8] $auto$alumacc.cc:490:replace_alu$606 [9] $auto$alumacc.cc:490:replace_alu$606 [10] $auto$alumacc.cc:490:replace_alu$606 [11] $auto$alumacc.cc:490:replace_alu$606 [12] $auto$alumacc.cc:490:replace_alu$606 [13] $auto$alumacc.cc:490:replace_alu$606 [14] $auto$alumacc.cc:490:replace_alu$606 [15] }
    New input vector for $reduce_and cell $auto$alumacc.cc:64:get_eq$623: { $auto$alumacc.cc:490:replace_alu$617 [0] $auto$alumacc.cc:490:replace_alu$617 [1] $auto$alumacc.cc:490:replace_alu$617 [2] $auto$alumacc.cc:490:replace_alu$617 [3] $auto$alumacc.cc:490:replace_alu$617 [4] $auto$alumacc.cc:490:replace_alu$617 [5] $auto$alumacc.cc:490:replace_alu$617 [6] $auto$alumacc.cc:490:replace_alu$617 [7] $auto$alumacc.cc:490:replace_alu$617 [8] $auto$alumacc.cc:490:replace_alu$617 [9] $auto$alumacc.cc:490:replace_alu$617 [10] $auto$alumacc.cc:490:replace_alu$617 [11] $auto$alumacc.cc:490:replace_alu$617 [12] $auto$alumacc.cc:490:replace_alu$617 [13] $auto$alumacc.cc:490:replace_alu$617 [14] $auto$alumacc.cc:490:replace_alu$617 [15] }
    New input vector for $reduce_and cell $auto$alumacc.cc:64:get_eq$634: { $auto$alumacc.cc:490:replace_alu$628 [0] $auto$alumacc.cc:490:replace_alu$628 [1] $auto$alumacc.cc:490:replace_alu$628 [2] $auto$alumacc.cc:490:replace_alu$628 [3] $auto$alumacc.cc:490:replace_alu$628 [4] $auto$alumacc.cc:490:replace_alu$628 [5] $auto$alumacc.cc:490:replace_alu$628 [6] $auto$alumacc.cc:490:replace_alu$628 [7] $auto$alumacc.cc:490:replace_alu$628 [8] $auto$alumacc.cc:490:replace_alu$628 [9] $auto$alumacc.cc:490:replace_alu$628 [10] $auto$alumacc.cc:490:replace_alu$628 [11] $auto$alumacc.cc:490:replace_alu$628 [12] $auto$alumacc.cc:490:replace_alu$628 [13] $auto$alumacc.cc:490:replace_alu$628 [14] $auto$alumacc.cc:490:replace_alu$628 [15] }
    New input vector for $reduce_and cell $auto$alumacc.cc:64:get_eq$645: { $auto$alumacc.cc:490:replace_alu$639 [0] $auto$alumacc.cc:490:replace_alu$639 [1] $auto$alumacc.cc:490:replace_alu$639 [2] $auto$alumacc.cc:490:replace_alu$639 [3] $auto$alumacc.cc:490:replace_alu$639 [4] $auto$alumacc.cc:490:replace_alu$639 [5] $auto$alumacc.cc:490:replace_alu$639 [6] $auto$alumacc.cc:490:replace_alu$639 [7] $auto$alumacc.cc:490:replace_alu$639 [8] $auto$alumacc.cc:490:replace_alu$639 [9] $auto$alumacc.cc:490:replace_alu$639 [10] $auto$alumacc.cc:490:replace_alu$639 [11] }
    New input vector for $reduce_and cell $auto$alumacc.cc:64:get_eq$656: { $auto$alumacc.cc:490:replace_alu$650 [0] $auto$alumacc.cc:490:replace_alu$650 [1] $auto$alumacc.cc:490:replace_alu$650 [2] $auto$alumacc.cc:490:replace_alu$650 [3] $auto$alumacc.cc:490:replace_alu$650 [4] $auto$alumacc.cc:490:replace_alu$650 [5] $auto$alumacc.cc:490:replace_alu$650 [6] $auto$alumacc.cc:490:replace_alu$650 [7] $auto$alumacc.cc:490:replace_alu$650 [8] $auto$alumacc.cc:490:replace_alu$650 [9] $auto$alumacc.cc:490:replace_alu$650 [10] $auto$alumacc.cc:490:replace_alu$650 [11] }
    New input vector for $reduce_and cell $auto$alumacc.cc:64:get_eq$667: { $auto$alumacc.cc:490:replace_alu$661 [0] $auto$alumacc.cc:490:replace_alu$661 [1] $auto$alumacc.cc:490:replace_alu$661 [2] $auto$alumacc.cc:490:replace_alu$661 [3] $auto$alumacc.cc:490:replace_alu$661 [4] $auto$alumacc.cc:490:replace_alu$661 [5] $auto$alumacc.cc:490:replace_alu$661 [6] $auto$alumacc.cc:490:replace_alu$661 [7] $auto$alumacc.cc:490:replace_alu$661 [8] $auto$alumacc.cc:490:replace_alu$661 [9] $auto$alumacc.cc:490:replace_alu$661 [10] $auto$alumacc.cc:490:replace_alu$661 [11] }
    New input vector for $reduce_and cell $auto$alumacc.cc:64:get_eq$678: { $auto$alumacc.cc:490:replace_alu$672 [0] $auto$alumacc.cc:490:replace_alu$672 [1] $auto$alumacc.cc:490:replace_alu$672 [2] $auto$alumacc.cc:490:replace_alu$672 [3] $auto$alumacc.cc:490:replace_alu$672 [4] $auto$alumacc.cc:490:replace_alu$672 [5] $auto$alumacc.cc:490:replace_alu$672 [6] $auto$alumacc.cc:490:replace_alu$672 [7] $auto$alumacc.cc:490:replace_alu$672 [8] $auto$alumacc.cc:490:replace_alu$672 [9] $auto$alumacc.cc:490:replace_alu$672 [10] $auto$alumacc.cc:490:replace_alu$672 [11] }
    New input vector for $reduce_and cell $auto$alumacc.cc:64:get_eq$689: { $auto$alumacc.cc:490:replace_alu$683 [0] $auto$alumacc.cc:490:replace_alu$683 [1] $auto$alumacc.cc:490:replace_alu$683 [2] $auto$alumacc.cc:490:replace_alu$683 [3] $auto$alumacc.cc:490:replace_alu$683 [4] $auto$alumacc.cc:490:replace_alu$683 [5] $auto$alumacc.cc:490:replace_alu$683 [6] $auto$alumacc.cc:490:replace_alu$683 [7] $auto$alumacc.cc:490:replace_alu$683 [8] $auto$alumacc.cc:490:replace_alu$683 [9] $auto$alumacc.cc:490:replace_alu$683 [10] $auto$alumacc.cc:490:replace_alu$683 [11] }
    New input vector for $reduce_and cell $auto$alumacc.cc:64:get_eq$700: { $auto$alumacc.cc:490:replace_alu$694 [0] $auto$alumacc.cc:490:replace_alu$694 [1] $auto$alumacc.cc:490:replace_alu$694 [2] $auto$alumacc.cc:490:replace_alu$694 [3] $auto$alumacc.cc:490:replace_alu$694 [4] $auto$alumacc.cc:490:replace_alu$694 [5] $auto$alumacc.cc:490:replace_alu$694 [6] $auto$alumacc.cc:490:replace_alu$694 [7] $auto$alumacc.cc:490:replace_alu$694 [8] $auto$alumacc.cc:490:replace_alu$694 [9] $auto$alumacc.cc:490:replace_alu$694 [10] $auto$alumacc.cc:490:replace_alu$694 [11] }
    New input vector for $reduce_and cell $auto$alumacc.cc:64:get_eq$711: { $auto$alumacc.cc:490:replace_alu$705 [0] $auto$alumacc.cc:490:replace_alu$705 [1] $auto$alumacc.cc:490:replace_alu$705 [2] $auto$alumacc.cc:490:replace_alu$705 [3] $auto$alumacc.cc:490:replace_alu$705 [4] $auto$alumacc.cc:490:replace_alu$705 [5] $auto$alumacc.cc:490:replace_alu$705 [6] $auto$alumacc.cc:490:replace_alu$705 [7] $auto$alumacc.cc:490:replace_alu$705 [8] $auto$alumacc.cc:490:replace_alu$705 [9] $auto$alumacc.cc:490:replace_alu$705 [10] $auto$alumacc.cc:490:replace_alu$705 [11] }
    New input vector for $reduce_and cell $auto$alumacc.cc:64:get_eq$722: { $auto$alumacc.cc:490:replace_alu$716 [0] $auto$alumacc.cc:490:replace_alu$716 [1] $auto$alumacc.cc:490:replace_alu$716 [2] $auto$alumacc.cc:490:replace_alu$716 [3] $auto$alumacc.cc:490:replace_alu$716 [4] $auto$alumacc.cc:490:replace_alu$716 [5] $auto$alumacc.cc:490:replace_alu$716 [6] $auto$alumacc.cc:490:replace_alu$716 [7] $auto$alumacc.cc:490:replace_alu$716 [8] $auto$alumacc.cc:490:replace_alu$716 [9] $auto$alumacc.cc:490:replace_alu$716 [10] $auto$alumacc.cc:490:replace_alu$716 [11] }
    New input vector for $reduce_and cell $auto$alumacc.cc:64:get_eq$733: { $auto$alumacc.cc:490:replace_alu$727 [0] $auto$alumacc.cc:490:replace_alu$727 [1] $auto$alumacc.cc:490:replace_alu$727 [2] $auto$alumacc.cc:490:replace_alu$727 [3] $auto$alumacc.cc:490:replace_alu$727 [4] $auto$alumacc.cc:490:replace_alu$727 [5] $auto$alumacc.cc:490:replace_alu$727 [6] $auto$alumacc.cc:490:replace_alu$727 [7] $auto$alumacc.cc:490:replace_alu$727 [8] $auto$alumacc.cc:490:replace_alu$727 [9] $auto$alumacc.cc:490:replace_alu$727 [10] $auto$alumacc.cc:490:replace_alu$727 [11] }
    New input vector for $reduce_and cell $auto$alumacc.cc:64:get_eq$744: { $auto$alumacc.cc:490:replace_alu$738 [0] $auto$alumacc.cc:490:replace_alu$738 [1] $auto$alumacc.cc:490:replace_alu$738 [2] $auto$alumacc.cc:490:replace_alu$738 [3] $auto$alumacc.cc:490:replace_alu$738 [4] $auto$alumacc.cc:490:replace_alu$738 [5] $auto$alumacc.cc:490:replace_alu$738 [6] $auto$alumacc.cc:490:replace_alu$738 [7] $auto$alumacc.cc:490:replace_alu$738 [8] $auto$alumacc.cc:490:replace_alu$738 [9] $auto$alumacc.cc:490:replace_alu$738 [10] $auto$alumacc.cc:490:replace_alu$738 [11] }
    New input vector for $reduce_and cell $auto$alumacc.cc:64:get_eq$755: { $auto$alumacc.cc:490:replace_alu$749 [0] $auto$alumacc.cc:490:replace_alu$749 [1] $auto$alumacc.cc:490:replace_alu$749 [2] $auto$alumacc.cc:490:replace_alu$749 [3] $auto$alumacc.cc:490:replace_alu$749 [4] $auto$alumacc.cc:490:replace_alu$749 [5] $auto$alumacc.cc:490:replace_alu$749 [6] $auto$alumacc.cc:490:replace_alu$749 [7] $auto$alumacc.cc:490:replace_alu$749 [8] $auto$alumacc.cc:490:replace_alu$749 [9] $auto$alumacc.cc:490:replace_alu$749 [10] $auto$alumacc.cc:490:replace_alu$749 [11] }
    New input vector for $reduce_and cell $auto$alumacc.cc:64:get_eq$766: { $auto$alumacc.cc:490:replace_alu$760 [0] $auto$alumacc.cc:490:replace_alu$760 [1] $auto$alumacc.cc:490:replace_alu$760 [2] $auto$alumacc.cc:490:replace_alu$760 [3] $auto$alumacc.cc:490:replace_alu$760 [4] $auto$alumacc.cc:490:replace_alu$760 [5] $auto$alumacc.cc:490:replace_alu$760 [6] $auto$alumacc.cc:490:replace_alu$760 [7] $auto$alumacc.cc:490:replace_alu$760 [8] $auto$alumacc.cc:490:replace_alu$760 [9] $auto$alumacc.cc:490:replace_alu$760 [10] $auto$alumacc.cc:490:replace_alu$760 [11] }
    New input vector for $reduce_and cell $auto$alumacc.cc:64:get_eq$775: { $auto$alumacc.cc:490:replace_alu$771 [0] $auto$alumacc.cc:490:replace_alu$771 [1] $auto$alumacc.cc:490:replace_alu$771 [2] $auto$alumacc.cc:490:replace_alu$771 [3] $auto$alumacc.cc:490:replace_alu$771 [4] $auto$alumacc.cc:490:replace_alu$771 [5] $auto$alumacc.cc:490:replace_alu$771 [6] $auto$alumacc.cc:490:replace_alu$771 [7] $auto$alumacc.cc:490:replace_alu$771 [8] $auto$alumacc.cc:490:replace_alu$771 [9] $auto$alumacc.cc:490:replace_alu$771 [10] $auto$alumacc.cc:490:replace_alu$771 [11] $auto$alumacc.cc:490:replace_alu$771 [12] $auto$alumacc.cc:490:replace_alu$771 [13] $auto$alumacc.cc:490:replace_alu$771 [14] $auto$alumacc.cc:490:replace_alu$771 [15] }
    New input vector for $reduce_and cell $auto$alumacc.cc:64:get_eq$784: { $auto$alumacc.cc:490:replace_alu$780 [0] $auto$alumacc.cc:490:replace_alu$780 [1] $auto$alumacc.cc:490:replace_alu$780 [2] $auto$alumacc.cc:490:replace_alu$780 [3] $auto$alumacc.cc:490:replace_alu$780 [4] $auto$alumacc.cc:490:replace_alu$780 [5] $auto$alumacc.cc:490:replace_alu$780 [6] $auto$alumacc.cc:490:replace_alu$780 [7] $auto$alumacc.cc:490:replace_alu$780 [8] $auto$alumacc.cc:490:replace_alu$780 [9] $auto$alumacc.cc:490:replace_alu$780 [10] $auto$alumacc.cc:490:replace_alu$780 [11] $auto$alumacc.cc:490:replace_alu$780 [12] $auto$alumacc.cc:490:replace_alu$780 [13] $auto$alumacc.cc:490:replace_alu$780 [14] $auto$alumacc.cc:490:replace_alu$780 [15] $auto$alumacc.cc:490:replace_alu$780 [16] }
    New input vector for $reduce_and cell $auto$alumacc.cc:64:get_eq$793: { $auto$alumacc.cc:490:replace_alu$789 [0] $auto$alumacc.cc:490:replace_alu$789 [1] $auto$alumacc.cc:490:replace_alu$789 [2] $auto$alumacc.cc:490:replace_alu$789 [3] $auto$alumacc.cc:490:replace_alu$789 [4] $auto$alumacc.cc:490:replace_alu$789 [5] $auto$alumacc.cc:490:replace_alu$789 [6] $auto$alumacc.cc:490:replace_alu$789 [7] $auto$alumacc.cc:490:replace_alu$789 [8] $auto$alumacc.cc:490:replace_alu$789 [9] $auto$alumacc.cc:490:replace_alu$789 [10] $auto$alumacc.cc:490:replace_alu$789 [11] $auto$alumacc.cc:490:replace_alu$789 [12] $auto$alumacc.cc:490:replace_alu$789 [13] $auto$alumacc.cc:490:replace_alu$789 [14] $auto$alumacc.cc:490:replace_alu$789 [15] $auto$alumacc.cc:490:replace_alu$789 [16] }
    New input vector for $reduce_and cell $auto$alumacc.cc:64:get_eq$802: { $auto$alumacc.cc:490:replace_alu$798 [0] $auto$alumacc.cc:490:replace_alu$798 [1] $auto$alumacc.cc:490:replace_alu$798 [2] $auto$alumacc.cc:490:replace_alu$798 [3] $auto$alumacc.cc:490:replace_alu$798 [4] $auto$alumacc.cc:490:replace_alu$798 [5] $auto$alumacc.cc:490:replace_alu$798 [6] $auto$alumacc.cc:490:replace_alu$798 [7] $auto$alumacc.cc:490:replace_alu$798 [8] $auto$alumacc.cc:490:replace_alu$798 [9] $auto$alumacc.cc:490:replace_alu$798 [10] $auto$alumacc.cc:490:replace_alu$798 [11] $auto$alumacc.cc:490:replace_alu$798 [12] $auto$alumacc.cc:490:replace_alu$798 [13] $auto$alumacc.cc:490:replace_alu$798 [14] $auto$alumacc.cc:490:replace_alu$798 [15] $auto$alumacc.cc:490:replace_alu$798 [16] }
  Optimizing cells in module \pwm_deadtime.
  Optimizing cells in module \pwm_dt_channel.
    New input vector for $reduce_or cell $auto$alumacc.cc:509:replace_alu$850: { $auto$rtlil.cc:1832:Not$847 $auto$rtlil.cc:1835:ReduceAnd$849 }
    New input vector for $reduce_and cell $auto$alumacc.cc:64:get_eq$848: { $auto$alumacc.cc:490:replace_alu$844 [0] $auto$alumacc.cc:490:replace_alu$844 [1] $auto$alumacc.cc:490:replace_alu$844 [2] $auto$alumacc.cc:490:replace_alu$844 [3] $auto$alumacc.cc:490:replace_alu$844 [4] $auto$alumacc.cc:490:replace_alu$844 [5] $auto$alumacc.cc:490:replace_alu$844 [6] $auto$alumacc.cc:490:replace_alu$844 [7] $auto$alumacc.cc:490:replace_alu$844 [8] $auto$alumacc.cc:490:replace_alu$844 [9] $auto$alumacc.cc:490:replace_alu$844 [10] $auto$alumacc.cc:490:replace_alu$844 [11] $auto$alumacc.cc:490:replace_alu$844 [12] $auto$alumacc.cc:490:replace_alu$844 [13] $auto$alumacc.cc:490:replace_alu$844 [14] $auto$alumacc.cc:490:replace_alu$844 [15] }
  Optimizing cells in module \pwm_dt_channel.
Performed a total of 38 changes.

2.13.5. Executing OPT_MERGE pass (detect identical cells).
Finding identical cells in module `\pwm_deadtime'.
Finding identical cells in module `\pwm_dt_channel'.
Removed a total of 0 cells.

2.13.6. Executing OPT_RMDFF pass (remove dff with constant values).

2.13.7. Executing OPT_CLEAN pass (remove unused cells and wires).
Finding unused cells or wires in module \pwm_deadtime..
Finding unused cells or wires in module \pwm_dt_channel..
Removed 28 unused cells and 73 unused wires.
<suppressed ~30 debug messages>

2.13.8. Executing OPT_EXPR pass (perform const folding).
Optimizing module pwm_deadtime.
Optimizing module pwm_dt_channel.

2.13.9. Rerunning OPT passes. (Maybe there is more to do..)

2.13.10. Executing OPT_MUXTREE pass (detect dead branches in mux trees).
Running muxtree optimizer on module \pwm_deadtime..
  Creating internal representation of mux trees.
  Evaluating internal representation of mux trees.
  Analyzing evaluation results.
Running muxtree optimizer on module \pwm_dt_channel..
  Creating internal representation of mux trees.
  Evaluating internal representation of mux trees.
  Analyzing evaluation results.
Removed 0 multiplexer ports.
<suppressed ~26 debug messages>

2.13.11. Executing OPT_REDUCE pass (consolidate $*mux and $reduce_* inputs).
  Optimizing cells in module \pwm_deadtime.
  Optimizing cells in module \pwm_dt_channel.
Performed a total of 0 changes.

2.13.12. Executing OPT_MERGE pass (detect identical cells).
Finding identical cells in module `\pwm_deadtime'.
Finding identical cells in module `\pwm_dt_channel'.
Removed a total of 0 cells.

2.13.13. Executing OPT_RMDFF pass (remove dff with constant values).

2.13.14. Executing OPT_CLEAN pass (remove unused cells and wires).
Finding unused cells or wires in module \pwm_deadtime..
Finding unused cells or wires in module \pwm_dt_channel..

2.13.15. Executing OPT_EXPR pass (perform const folding).
Optimizing module pwm_deadtime.
Optimizing module pwm_dt_channel.

2.13.16. Finished OPT passes. (There is nothing left to do.)

2.14. Executing FSM pass (extract and optimize FSM).

2.14.1. Executing FSM_DETECT pass (finding FSMs in design).

2.14.2. Executing FSM_EXTRACT pass (extracting FSM from design).

2.14.3. Executing FSM_OPT pass (simple optimizations of FSMs).

2.14.4. Executing OPT_CLEAN pass (remove unused cells and wires).
Finding unused cells or wires in module \pwm_deadtime..
Finding unused cells or wires in module \pwm_dt_channel..

2.14.5. Executing FSM_OPT pass (simple optimizations of FSMs).

2.14.6. Executing FSM_RECODE pass (re-assigning FSM state encoding).

2.14.7. Executing FSM_INFO pass (dumping all available information on FSM cells).

2.14.8. Executing FSM_MAP pass (mapping FSMs to basic logic).

2.15. Executing OPT pass (performing simple optimizations).

2.15.1. Executing OPT_EXPR pass (perform const folding).
Optimizing module pwm_deadtime.
Optimizing module pwm_dt_channel.

2.15.2. Executing OPT_MERGE pass (detect identical cells).
Finding identical cells in module `\pwm_deadtime'.
Finding identical cells in module `\pwm_dt_channel'.
Removed a total of 0 cells.

2.15.3. Executing OPT_RMDFF pass (remove dff with constant values).

2.15.4. Executing OPT_CLEAN pass (remove unused cells and wires).
Finding unused cells or wires in module \pwm_deadtime..
Finding unused cells or wires in module \pwm_dt_channel..

2.15.5. Finished fast OPT passes.

2.16. Executing MEMORY pass.

2.16.1. Executing MEMORY_DFF pass (merging $dff cells to $memrd and $memwr).

2.16.2. Executing OPT_CLEAN pass (remove unused cells and wires).
Finding unused cells or wires in module \pwm_deadtime..
Finding unused cells or wires in module \pwm_dt_channel..

2.16.3. Executing MEMORY_SHARE pass (consolidating $memrd/$memwr cells).

2.16.4. Executing OPT_CLEAN pass (remove unused cells and wires).
Finding unused cells or wires in module \pwm_deadtime..
Finding unused cells or wires in module \pwm_dt_channel..

2.16.5. Executing MEMORY_COLLECT pass (generating $mem cells).

2.17. Executing OPT_CLEAN pass (remove unused cells and wires).
Finding unused cells or wires in module \pwm_deadtime..
Finding unused cells or wires in module \pwm_dt_channel..

2.18. Executing OPT pass (performing simple optimizations).

2.18.1. Executing OPT_EXPR pass (perform const folding).
Optimizing module pwm_deadtime.
Optimizing module pwm_dt_channel.
<suppressed ~4 debug messages>

2.18.2. Executing OPT_MERGE pass (detect identical cells).
Finding identical cells in module `\pwm_deadtime'.
Finding identical cells in module `\pwm_dt_channel'.
Removed a total of 0 cells.

2.18.3. Executing OPT_RMDFF pass (remove dff with constant values).

2.18.4. Executing OPT_CLEAN pass (remove unused cells and wires).
Finding unused cells or wires in module \pwm_deadtime..
Finding unused cells or wires in module \pwm_dt_channel..
Removed 0 unused cells and 1 unused wires.
<suppressed ~1 debug messages>

2.18.5. Finished fast OPT passes.

2.19. Executing MEMORY_MAP pass (converting $mem cells to logic and flip-flops).

2.20. Executing OPT pass (performing simple optimizations).

2.20.1. Executing OPT_EXPR pass (perform const folding).
Optimizing module pwm_deadtime.
Optimizing module pwm_dt_channel.

2.20.2. Executing OPT_MERGE pass (detect identical cells).
Finding identical cells in module `\pwm_deadtime'.
Finding identical cells in module `\pwm_dt_channel'.
Removed a total of 0 cells.

2.20.3. Executing OPT_MUXTREE pass (detect dead branches in mux trees).
Running muxtree optimizer on module \pwm_deadtime..
  Creating internal representation of mux trees.
  Evaluating internal representation of mux trees.
  Analyzing evaluation results.
Running muxtree optimizer on module \pwm_dt_channel..
  Creating internal representation of mux trees.
  Evaluating internal representation of mux trees.
  Analyzing evaluation results.
Removed 0 multiplexer ports.
<suppressed ~24 debug messages>

2.20.4. Executing OPT_REDUCE pass (consolidate $*mux and $reduce_* inputs).
  Optimizing cells in module \pwm_deadtime.
  Optimizing cells in module \pwm_dt_channel.
Performed a total of 0 changes.

2.20.5. Executing OPT_MERGE pass (detect identical cells).
Finding identical cells in module `\pwm_deadtime'.
Finding identical cells in module `\pwm_dt_channel'.
Removed a total of 0 cells.

2.20.6. Executing OPT_RMDFF pass (remove dff with constant values).

2.20.7. Executing OPT_CLEAN pass (remove unused cells and wires).
Finding unused cells or wires in module \pwm_deadtime..
Finding unused cells or wires in module \pwm_dt_channel..

2.20.8. Executing OPT_EXPR pass (perform const folding).
Optimizing module pwm_deadtime.
Optimizing module pwm_dt_channel.

2.20.9. Finished OPT passes. (There is nothing left to do.)

2.21. Executing TECHMAP pass (map to technology primitives).

2.21.1. Executing Verilog-2005 frontend: <techmap.v>
Parsing Verilog input from `<techmap.v>' to AST representation.
Generating RTLIL representation for module `\_90_simplemap_bool_ops'.
Generating RTLIL representation for module `\_90_simplemap_reduce_ops'.
Generating RTLIL representation for module `\_90_simplemap_logic_ops'.
Generating RTLIL representation for module `\_90_simplemap_compare_ops'.
Generating RTLIL representation for module `\_90_simplemap_various'.
Generating RTLIL representation for module `\_90_simplemap_registers'.
Generating RTLIL representation for module `\_90_shift_ops_shr_shl_sshl_sshr'.
Generating RTLIL representation for module `\_90_shift_shiftx'.
Generating RTLIL representation for module `\_90_fa'.
Generating RTLIL representation for module `\_90_lcu'.
Generating RTLIL representation for module `\_90_alu'.
Generating RTLIL representation for module `\_90_macc'.
Generating RTLIL representation for module `\_90_alumacc'.
Generating RTLIL representation for module `\$__div_mod_u'.
Generating RTLIL representation for module `\$__div_mod'.
Generating RTLIL representation for module `\_90_div'.
Generating RTLIL representation for module `\_90_mod'.
Generating RTLIL representation for module `\_90_pow'.
Generating RTLIL representation for module `\_90_pmux'.
Generating RTLIL representation for module `\_90_lut'.
Successfully finished Verilog frontend.

2.21.2. Continuing TECHMAP pass.
Using extmapper simplemap for cells of type $eq.
Using extmapper simplemap for cells of type $reduce_and.
Using template $paramod\_90_alu\A_SIGNED=0\B_SIGNED=0\A_WIDTH=12\B_WIDTH=16\Y_WIDTH=16 for cells of type $alu.
Using extmapper simplemap for cells of type $not.
Using extmapper simplemap for cells of type $or.
Using extmapper simplemap for cells of type $mux.
Using extmapper simplemap for cells of type $logic_not.
Using extmapper maccmap for cells of type $macc.
  add \g_canal[4].duty_cl * 12'111110100000 (12x12 bits, unsigned)
  add \g_canal[3].duty_cl * 12'111110100000 (12x12 bits, unsigned)
Using template $paramod\_90_div\A_SIGNED=0\B_SIGNED=0\A_WIDTH=32\B_WIDTH=12\Y_WIDTH=32 for cells of type $div.
Using template $paramod\_90_alu\A_SIGNED=0\B_SIGNED=0\A_WIDTH=7\B_WIDTH=12\Y_WIDTH=12 for cells of type $alu.
Using template $paramod\_90_alu\A_SIGNED=0\B_SIGNED=0\A_WIDTH=16\B_WIDTH=32\Y_WIDTH=32 for cells of type $alu.
  add \g_canal[7].duty_cl * 12'111110100000 (12x12 bits, unsigned)
  add \g_canal[2].duty_cl * 12'111110100000 (12x12 bits, unsigned)
  add \g_canal[10].duty_cl * 12'111110100000 (12x12 bits, unsigned)
  add \g_canal[9].duty_cl * 12'111110100000 (12x12 bits, unsigned)
  add \g_canal[5].duty_cl * 12'111110100000 (12x12 bits, unsigned)
  add \g_canal[8].duty_cl * 12'111110100000 (12x12 bits, unsigned)
  add \g_canal[6].duty_cl * 12'111110100000 (12x12 bits, unsigned)
Using template $paramod\_90_alu\A_SIGNED=0\B_SIGNED=0\A_WIDTH=12\B_WIDTH=12\Y_WIDTH=12 for cells of type $alu.
  add \g_canal[0].duty_cl * 12'111110100000 (12x12 bits, unsigned)
  add \g_canal[1].duty_cl * 12'111110100000 (12x12 bits, unsigned)
  add \g_canal[11].duty_cl * 12'111110100000 (12x12 bits, unsigned)
Using extmapper simplemap for cells of type $adff.
Using template $paramod\_90_alu\A_SIGNED=0\B_SIGNED=0\A_WIDTH=13\B_WIDTH=16\Y_WIDTH=16 for cells of type $alu.
Using extmapper simplemap for cells of type $reduce_or.
Using template $paramod\_90_alu\A_SIGNED=0\B_SIGNED=0\A_WIDTH=13\B_WIDTH=16\Y_WIDTH=17 for cells of type $alu.
Using template $paramod\_90_alu\A_SIGNED=0\B_SIGNED=0\A_WIDTH=13\B_WIDTH=17\Y_WIDTH=17 for cells of type $alu.
Using template $paramod\_90_alu\A_SIGNED=0\B_SIGNED=0\A_WIDTH=12\B_WIDTH=16\Y_WIDTH=17 for cells of type $alu.
Using template $paramod\_90_alu\A_SIGNED=0\B_SIGNED=0\A_WIDTH=11\B_WIDTH=16\Y_WIDTH=17 for cells of type $alu.
Using template $paramod\_90_alu\A_SIGNED=0\B_SIGNED=0\A_WIDTH=1\B_WIDTH=16\Y_WIDTH=16 for cells of type $alu.
Using template $paramod\_90_alu\A_SIGNED=0\B_SIGNED=0\A_WIDTH=16\B_WIDTH=13\Y_WIDTH=16 for cells of type $alu.
Using template $paramod\_90_fa\WIDTH=24 for cells of type $fa.
Using template $paramod\_90_alu\A_SIGNED=0\B_SIGNED=0\A_WIDTH=24\B_WIDTH=24\Y_WIDTH=24 for cells of type $alu.
Using template $paramod\$__div_mod\A_SIGNED=0\B_SIGNED=0\A_WIDTH=32\B_WIDTH=12\Y_WIDTH=32 for cells of type $__div_mod.
Using extmapper simplemap for cells of type $and.
Using extmapper simplemap for cells of type $xor.
Using template $paramod\_90_lcu\WIDTH=16 for cells of type $lcu.
Using extmapper simplemap for cells of type $pos.
Using template $paramod\_90_lcu\WIDTH=12 for cells of type $lcu.
Using template $paramod\_90_lcu\WIDTH=32 for cells of type $lcu.
Using template $paramod\_90_lcu\WIDTH=17 for cells of type $lcu.
Using template $paramod\_90_lcu\WIDTH=24 for cells of type $lcu.
Using extmapper simplemap for cells of type $ne.
Running "alumacc" on wrapper $extern:wrap:$neg:Y_WIDTH=32:A_WIDTH=32:A_SIGNED=0:394426c56d1a028ba8fdd5469b163e04011def47.
Using template $extern:wrap:$neg:Y_WIDTH=32:A_WIDTH=32:A_SIGNED=0:394426c56d1a028ba8fdd5469b163e04011def47 for cells of type $extern:wrap:$neg:Y_WIDTH=32:A_WIDTH=32:A_SIGNED=0:394426c56d1a028ba8fdd5469b163e04011def47.
Using extmapper simplemap for cells of type $logic_and.
Using template $paramod\$__div_mod_u\WIDTH=32 for cells of type $__div_mod_u.
Running "alumacc" on wrapper $extern:wrap:$neg:A_SIGNED=0:A_WIDTH=32:Y_WIDTH=32:394426c56d1a028ba8fdd5469b163e04011def47.
Using template $extern:wrap:$neg:A_SIGNED=0:A_WIDTH=32:Y_WIDTH=32:394426c56d1a028ba8fdd5469b163e04011def47 for cells of type $extern:wrap:$neg:A_SIGNED=0:A_WIDTH=32:Y_WIDTH=32:394426c56d1a028ba8fdd5469b163e04011def47.
Using template $paramod\_90_alu\A_SIGNED=0\B_SIGNED=0\A_WIDTH=0\B_WIDTH=32\Y_WIDTH=32 for cells of type $alu.
Running "alumacc" on wrapper $extern:wrap:$sub:Y_WIDTH=32:B_WIDTH=32:A_WIDTH=32:B_SIGNED=0:A_SIGNED=0:394426c56d1a028ba8fdd5469b163e04011def47.
Using template $extern:wrap:$sub:Y_WIDTH=32:B_WIDTH=32:A_WIDTH=32:B_SIGNED=0:A_SIGNED=0:394426c56d1a028ba8fdd5469b163e04011def47 for cells of type $extern:wrap:$sub:Y_WIDTH=32:B_WIDTH=32:A_WIDTH=32:B_SIGNED=0:A_SIGNED=0:394426c56d1a028ba8fdd5469b163e04011def47.
Running "alumacc" on wrapper $extern:wrap:$ge:Y_WIDTH=1:B_WIDTH=32:A_WIDTH=32:B_SIGNED=0:A_SIGNED=0:394426c56d1a028ba8fdd5469b163e04011def47.
Using template $extern:wrap:$ge:Y_WIDTH=1:B_WIDTH=32:A_WIDTH=32:B_SIGNED=0:A_SIGNED=0:394426c56d1a028ba8fdd5469b163e04011def47 for cells of type $extern:wrap:$ge:Y_WIDTH=1:B_WIDTH=32:A_WIDTH=32:B_SIGNED=0:A_SIGNED=0:394426c56d1a028ba8fdd5469b163e04011def47.
Running "alumacc" on wrapper $extern:wrap:$sub:Y_WIDTH=33:B_WIDTH=33:A_WIDTH=32:B_SIGNED=0:A_SIGNED=0:394426c56d1a028ba8fdd5469b163e04011def47.
Using template $extern:wrap:$sub:Y_WIDTH=33:B_WIDTH=33:A_WIDTH=32:B_SIGNED=0:A_SIGNED=0:394426c56d1a028ba8fdd5469b163e04011def47 for cells of type $extern:wrap:$sub:Y_WIDTH=33:B_WIDTH=33:A_WIDTH=32:B_SIGNED=0:A_SIGNED=0:394426c56d1a028ba8fdd5469b163e04011def47.
Running "alumacc" on wrapper $extern:wrap:$ge:Y_WIDTH=1:B_WIDTH=33:A_WIDTH=32:B_SIGNED=0:A_SIGNED=0:394426c56d1a028ba8fdd5469b163e04011def47.
Using template $extern:wrap:$ge:Y_WIDTH=1:B_WIDTH=33:A_WIDTH=32:B_SIGNED=0:A_SIGNED=0:394426c56d1a028ba8fdd5469b163e04011def47 for cells of type $extern:wrap:$ge:Y_WIDTH=1:B_WIDTH=33:A_WIDTH=32:B_SIGNED=0:A_SIGNED=0:394426c56d1a028ba8fdd5469b163e04011def47.
Running "alumacc" on wrapper $extern:wrap:$sub:Y_WIDTH=34:B_WIDTH=34:A_WIDTH=32:B_SIGNED=0:A_SIGNED=0:394426c56d1a028ba8fdd5469b163e04011def47.
Using template $extern:wrap:$sub:Y_WIDTH=34:B_WIDTH=34:A_WIDTH=32:B_SIGNED=0:A_SIGNED=0:394426c56d1a028ba8fdd5469b163e04011def47 for cells of type $extern:wrap:$sub:Y_WIDTH=34:B_WIDTH=34:A_WIDTH=32:B_SIGNED=0:A_SIGNED=0:394426c56d1a028ba8fdd5469b163e04011def47.
Running "alumacc" on wrapper $extern:wrap:$ge:Y_WIDTH=1:B_WIDTH=34:A_WIDTH=32:B_SIGNED=0:A_SIGNED=0:394426c56d1a028ba8fdd5469b163e04011def47.
Using template $extern:wrap:$ge:Y_WIDTH=1:B_WIDTH=34:A_WIDTH=32:B_SIGNED=0:A_SIGNED=0:394426c56d1a028ba8fdd5469b163e04011def47 for cells of type $extern:wrap:$ge:Y_WIDTH=1:B_WIDTH=34:A_WIDTH=32:B_SIGNED=0:A_SIGNED=0:394426c56d1a028ba8fdd5469b163e04011def47.
Running "alumacc" on wrapper $extern:wrap:$sub:Y_WIDTH=35:B_WIDTH=35:A_WIDTH=32:B_SIGNED=0:A_SIGNED=0:394426c56d1a028ba8fdd5469b163e04011def47.
Using template $extern:wrap:$sub:Y_WIDTH=35:B_WIDTH=35:A_WIDTH=32:B_SIGNED=0:A_SIGNED=0:394426c56d1a028ba8fdd5469b163e04011def47 for cells of type $extern:wrap:$sub:Y_WIDTH=35:B_WIDTH=35:A_WIDTH=32:B_SIGNED=0:A_SIGNED=0:394426c56d1a028ba8fdd5469b163e04011def47.
Running "alumacc" on wrapper $extern:wrap:$ge:Y_WIDTH=1:B_WIDTH=35:A_WIDTH=32:B_SIGNED=0:A_SIGNED=0:394426c56d1a028ba8fdd5469b163e04011def47.
Using template $extern:wrap:$ge:Y_WIDTH=1:B_WIDTH=35:A_WIDTH=32:B_SIGNED=0:A_SIGNED=0:394426c56d1a028ba8fdd5469b163e04011def47 for cells of type $extern:wrap:$ge:Y_WIDTH=1:B_WIDTH=35:A_WIDTH=32:B_SIGNED=0:A_SIGNED=0:394426c56d1a028ba8fdd5469b163e04011def47.
Running "alumacc" on wrapper $extern:wrap:$sub:Y_WIDTH=36:B_WIDTH=36:A_WIDTH=32:B_SIGNED=0:A_SIGNED=0:394426c56d1a028ba8fdd5469b163e04011def47.
Using template $extern:wrap:$sub:Y_WIDTH=36:B_WIDTH=36:A_WIDTH=32:B_SIGNED=0:A_SIGNED=0:394426c56d1a028ba8fdd5469b163e04011def47 for cells of type $extern:wrap:$sub:Y_WIDTH=36:B_WIDTH=36:A_WIDTH=32:B_SIGNED=0:A_SIGNED=0:394426c56d1a028ba8fdd5469b163e04011def47.
Running "alumacc" on wrapper $extern:wrap:$ge:Y_WIDTH=1:B_WIDTH=36:A_WIDTH=32:B_SIGNED=0:A_SIGNED=0:394426c56d1a028ba8fdd5469b163e04011def47.
Using template $extern:wrap:$ge:Y_WIDTH=1:B_WIDTH=36:A_WIDTH=32:B_SIGNED=0:A_SIGNED=0:394426c56d1a028ba8fdd5469b163e04011def47 for cells of type $extern:wrap:$ge:Y_WIDTH=1:B_WIDTH=36:A_WIDTH=32:B_SIGNED=0:A_SIGNED=0:394426c56d1a028ba8fdd5469b163e04011def47.
Running "alumacc" on wrapper $extern:wrap:$sub:Y_WIDTH=37:B_WIDTH=37:A_WIDTH=32:B_SIGNED=0:A_SIGNED=0:394426c56d1a028ba8fdd5469b163e04011def47.
Using template $extern:wrap:$sub:Y_WIDTH=37:B_WIDTH=37:A_WIDTH=32:B_SIGNED=0:A_SIGNED=0:394426c56d1a028ba8fdd5469b163e04011def47 for cells of type $extern:wrap:$sub:Y_WIDTH=37:B_WIDTH=37:A_WIDTH=32:B_SIGNED=0:A_SIGNED=0:394426c56d1a028ba8fdd5469b163e04011def47.
Running "alumacc" on wrapper $extern:wrap:$ge:Y_WIDTH=1:B_WIDTH=37:A_WIDTH=32:B_SIGNED=0:A_SIGNED=0:394426c56d1a028ba8fdd5469b163e04011def47.
Using template $extern:wrap:$ge:Y_WIDTH=1:B_WIDTH=37:A_WIDTH=32:B_SIGNED=0:A_SIGNED=0:394426c56d1a028ba8fdd5469b163e04011def47 for cells of type $extern:wrap:$ge:Y_WIDTH=1:B_WIDTH=37:A_WIDTH=32:B_SIGNED=0:A_SIGNED=0:394426c56d1a028ba8fdd5469b163e04011def47.
Running "alumacc" on wrapper $extern:wrap:$sub:Y_WIDTH=38:B_WIDTH=38:A_WIDTH=32:B_SIGNED=0:A_SIGNED=0:394426c56d1a028ba8fdd5469b163e04011def47.
Using template $extern:wrap:$sub:Y_WIDTH=38:B_WIDTH=38:A_WIDTH=32:B_SIGNED=0:A_SIGNED=0:394426c56d1a028ba8fdd5469b163e04011def47 for cells of type $extern:wrap:$sub:Y_WIDTH=38:B_WIDTH=38:A_WIDTH=32:B_SIGNED=0:A_SIGNED=0:394426c56d1a028ba8fdd5469b163e04011def47.
Running "alumacc" on wrapper $extern:wrap:$ge:Y_WIDTH=1:B_WIDTH=38:A_WIDTH=32:B_SIGNED=0:A_SIGNED=0:394426c56d1a028ba8fdd5469b163e04011def47.
Using template $extern:wrap:$ge:Y_WIDTH=1:B_WIDTH=38:A_WIDTH=32:B_SIGNED=0:A_SIGNED=0:394426c56d1a028ba8fdd5469b163e04011def47 for cells of type $extern:wrap:$ge:Y_WIDTH=1:B_WIDTH=38:A_WIDTH=32:B_SIGNED=0:A_SIGNED=0:394426c56d1a028ba8fdd5469b163e04011def47.
Running "alumacc" on wrapper $extern:wrap:$sub:Y_WIDTH=39:B_WIDTH=39:A_WIDTH=32:B_SIGNED=0:A_SIGNED=0:394426c56d1a028ba8fdd5469b163e04011def47.
Using template $extern:wrap:$sub:Y_WIDTH=39:B_WIDTH=39:A_WIDTH=32:B_SIGNED=0:A_SIGNED=0:394426c56d1a028ba8fdd5469b163e04011def47 for cells of type $extern:wrap:$sub:Y_WIDTH=39:B_WIDTH=39:A_WIDTH=32:B_SIGNED=0:A_SIGNED=0:394426c56d1a028ba8fdd5469b163e04011def47.
Running "alumacc" on wrapper $extern:wrap:$ge:Y_WIDTH=1:B_WIDTH=39:A_WIDTH=32:B_SIGNED=0:A_SIGNED=0:394426c56d1a028ba8fdd5469b163e04011def47.
Using template $extern:wrap:$ge:Y_WIDTH=1:B_WIDTH=39:A_WIDTH=32:B_SIGNED=0:A_SIGNED=0:394426c56d1a028ba8fdd5469b163e04011def47 for cells of type $extern:wrap:$ge:Y_WIDTH=1:B_WIDTH=39:A_WIDTH=32:B_SIGNED=0:A_SIGNED=0:394426c56d1a028ba8fdd5469b163e04011def47.
Running "alumacc" on wrapper $extern:wrap:$sub:Y_WIDTH=40:B_WIDTH=40:A_WIDTH=32:B_SIGNED=0:A_SIGNED=0:394426c56d1a028ba8fdd5469b163e04011def47.
Using template $extern:wrap:$sub:Y_WIDTH=40:B_WIDTH=40:A_WIDTH=32:B_SIGNED=0:A_SIGNED=0:394426c56d1a028ba8fdd5469b163e04011def47 for cells of type $extern:wrap:$sub:Y_WIDTH=40:B_WIDTH=40:A_WIDTH=32:B_SIGNED=0:A_SIGNED=0:394426c56d1a028ba8fdd5469b163e04011def47.
Running "alumacc" on wrapper $extern:wrap:$ge:Y_WIDTH=1:B_WIDTH=40:A_WIDTH=32:B_SIGNED=0:A_SIGNED=0:394426c56d1a028ba8fdd5469b163e04011def47.
Using template $extern:wrap:$ge:Y_WIDTH=1:B_WIDTH=40:A_WIDTH=32:B_SIGNED=0:A_SIGNED=0:394426c56d1a028ba8fdd5469b163e04011def47 for cells of type $extern:wrap:$ge:Y_WIDTH=1:B_WIDTH=40:A_WIDTH=32:B_SIGNED=0:A_SIGNED=0:394426c56d1a028ba8fdd5469b163e04011def47.
Running "alumacc" on wrapper $extern:wrap:$sub:Y_WIDTH=41:B_WIDTH=41:A_WIDTH=32:B_SIGNED=0:A_SIGNED=0:394426c56d1a028ba8fdd5469b163e04011def47.
Using template $extern:wrap:$sub:Y_WIDTH=41:B_WIDTH=41:A_WIDTH=32:B_SIGNED=0:A_SIGNED=0:394426c56d1a028ba8fdd5469b163e04011def47 for cells of type $extern:wrap:$sub:Y_WIDTH=41:B_WIDTH=41:A_WIDTH=32:B_SIGNED=0:A_SIGNED=0:394426c56d1a028ba8fdd5469b163e04011def47.
Running "alumacc" on wrapper $extern:wrap:$ge:Y_WIDTH=1:B_WIDTH=41:A_WIDTH=32:B_SIGNED=0:A_SIGNED=0:394426c56d1a028ba8fdd5469b163e04011def47.
Using template $extern:wrap:$ge:Y_WIDTH=1:B_WIDTH=41:A_WIDTH=32:B_SIGNED=0:A_SIGNED=0:394426c56d1a028ba8fdd5469b163e04011def47 for cells of type $extern:wrap:$ge:Y_WIDTH=1:B_WIDTH=41:A_WIDTH=32:B_SIGNED=0:A_SIGNED=0:394426c56d1a028ba8fdd5469b163e04011def47.
Running "alumacc" on wrapper $extern:wrap:$sub:Y_WIDTH=42:B_WIDTH=42:A_WIDTH=32:B_SIGNED=0:A_SIGNED=0:394426c56d1a028ba8fdd5469b163e04011def47.
Using template $extern:wrap:$sub:Y_WIDTH=42:B_WIDTH=42:A_WIDTH=32:B_SIGNED=0:A_SIGNED=0:394426c56d1a028ba8fdd5469b163e04011def47 for cells of type $extern:wrap:$sub:Y_WIDTH=42:B_WIDTH=42:A_WIDTH=32:B_SIGNED=0:A_SIGNED=0:394426c56d1a028ba8fdd5469b163e04011def47.
Running "alumacc" on wrapper $extern:wrap:$ge:Y_WIDTH=1:B_WIDTH=42:A_WIDTH=32:B_SIGNED=0:A_SIGNED=0:394426c56d1a028ba8fdd5469b163e04011def47.
Using template $extern:wrap:$ge:Y_WIDTH=1:B_WIDTH=42:A_WIDTH=32:B_SIGNED=0:A_SIGNED=0:394426c56d1a028ba8fdd5469b163e04011def47 for cells of type $extern:wrap:$ge:Y_WIDTH=1:B_WIDTH=42:A_WIDTH=32:B_SIGNED=0:A_SIGNED=0:394426c56d1a028ba8fdd5469b163e04011def47.
Running "alumacc" on wrapper $extern:wrap:$sub:Y_WIDTH=43:B_WIDTH=43:A_WIDTH=32:B_SIGNED=0:A_SIGNED=0:394426c56d1a028ba8fdd5469b163e04011def47.
Using template $extern:wrap:$sub:Y_WIDTH=43:B_WIDTH=43:A_WIDTH=32:B_SIGNED=0:A_SIGNED=0:394426c56d1a028ba8fdd5469b163e04011def47 for cells of type $extern:wrap:$sub:Y_WIDTH=43:B_WIDTH=43:A_WIDTH=32:B_SIGNED=0:A_SIGNED=0:394426c56d1a028ba8fdd5469b163e04011def47.
Running "alumacc" on wrapper $extern:wrap:$ge:Y_WIDTH=1:B_WIDTH=43:A_WIDTH=32:B_SIGNED=0:A_SIGNED=0:394426c56d1a028ba8fdd5469b163e04011def47.
Using template $extern:wrap:$ge:Y_WIDTH=1:B_WIDTH=43:A_WIDTH=32:B_SIGNED=0:A_SIGNED=0:394426c56d1a028ba8fdd5469b163e04011def47 for cells of type $extern:wrap:$ge:Y_WIDTH=1:B_WIDTH=43:A_WIDTH=32:B_SIGNED=0:A_SIGNED=0:394426c56d1a028ba8fdd5469b163e04011def47.
Running "alumacc" on wrapper $extern:wrap:$sub:Y_WIDTH=44:B_WIDTH=44:A_WIDTH=32:B_SIGNED=0:A_SIGNED=0:394426c56d1a028ba8fdd5469b163e04011def47.
Using template $extern:wrap:$sub:Y_WIDTH=44:B_WIDTH=44:A_WIDTH=32:B_SIGNED=0:A_SIGNED=0:394426c56d1a028ba8fdd5469b163e04011def47 for cells of type $extern:wrap:$sub:Y_WIDTH=44:B_WIDTH=44:A_WIDTH=32:B_SIGNED=0:A_SIGNED=0:394426c56d1a028ba8fdd5469b163e04011def47.
Running "alumacc" on wrapper $extern:wrap:$ge:Y_WIDTH=1:B_WIDTH=44:A_WIDTH=32:B_SIGNED=0:A_SIGNED=0:394426c56d1a028ba8fdd5469b163e04011def47.
Using template $extern:wrap:$ge:Y_WIDTH=1:B_WIDTH=44:A_WIDTH=32:B_SIGNED=0:A_SIGNED=0:394426c56d1a028ba8fdd5469b163e04011def47 for cells of type $extern:wrap:$ge:Y_WIDTH=1:B_WIDTH=44:A_WIDTH=32:B_SIGNED=0:A_SIGNED=0:394426c56d1a028ba8fdd5469b163e04011def47.
Running "alumacc" on wrapper $extern:wrap:$sub:Y_WIDTH=45:B_WIDTH=45:A_WIDTH=32:B_SIGNED=0:A_SIGNED=0:394426c56d1a028ba8fdd5469b163e04011def47.
Using template $extern:wrap:$sub:Y_WIDTH=45:B_WIDTH=45:A_WIDTH=32:B_SIGNED=0:A_SIGNED=0:394426c56d1a028ba8fdd5469b163e04011def47 for cells of type $extern:wrap:$sub:Y_WIDTH=45:B_WIDTH=45:A_WIDTH=32:B_SIGNED=0:A_SIGNED=0:394426c56d1a028ba8fdd5469b163e04011def47.
Running "alumacc" on wrapper $extern:wrap:$ge:Y_WIDTH=1:B_WIDTH=45:A_WIDTH=32:B_SIGNED=0:A_SIGNED=0:394426c56d1a028ba8fdd5469b163e04011def47.
Using template $extern:wrap:$ge:Y_WIDTH=1:B_WIDTH=45:A_WIDTH=32:B_SIGNED=0:A_SIGNED=0:394426c56d1a028ba8fdd5469b163e04011def47 for cells of type $extern:wrap:$ge:Y_WIDTH=1:B_WIDTH=45:A_WIDTH=32:B_SIGNED=0:A_SIGNED=0:394426c56d1a028ba8fdd5469b163e04011def47.
Running "alumacc" on wrapper $extern:wrap:$sub:Y_WIDTH=46:B_WIDTH=46:A_WIDTH=32:B_SIGNED=0:A_SIGNED=0:394426c56d1a028ba8fdd5469b163e04011def47.
Using template $extern:wrap:$sub:Y_WIDTH=46:B_WIDTH=46:A_WIDTH=32:B_SIGNED=0:A_SIGNED=0:394426c56d1a028ba8fdd5469b163e04011def47 for cells of type $extern:wrap:$sub:Y_WIDTH=46:B_WIDTH=46:A_WIDTH=32:B_SIGNED=0:A_SIGNED=0:394426c56d1a028ba8fdd5469b163e04011def47.
Running "alumacc" on wrapper $extern:wrap:$ge:Y_WIDTH=1:B_WIDTH=46:A_WIDTH=32:B_SIGNED=0:A_SIGNED=0:394426c56d1a028ba8fdd5469b163e04011def47.
Using template $extern:wrap:$ge:Y_WIDTH=1:B_WIDTH=46:A_WIDTH=32:B_SIGNED=0:A_SIGNED=0:394426c56d1a028ba8fdd5469b163e04011def47 for cells of type $extern:wrap:$ge:Y_WIDTH=1:B_WIDTH=46:A_WIDTH=32:B_SIGNED=0:A_SIGNED=0:394426c56d1a028ba8fdd5469b163e04011def47.
Running "alumacc" on wrapper $extern:wrap:$sub:Y_WIDTH=47:B_WIDTH=47:A_WIDTH=32:B_SIGNED=0:A_SIGNED=0:394426c56d1a028ba8fdd5469b163e04011def47.
Using template $extern:wrap:$sub:Y_WIDTH=47:B_WIDTH=47:A_WIDTH=32:B_SIGNED=0:A_SIGNED=0:394426c56d1a028ba8fdd5469b163e04011def47 for cells of type $extern:wrap:$sub:Y_WIDTH=47:B_WIDTH=47:A_WIDTH=32:B_SIGNED=0:A_SIGNED=0:394426c56d1a028ba8fdd5469b163e04011def47.
Running "alumacc" on wrapper $extern:wrap:$ge:Y_WIDTH=1:B_WIDTH=47:A_WIDTH=32:B_SIGNED=0:A_SIGNED=0:394426c56d1a028ba8fdd5469b163e04011def47.
Using template $extern:wrap:$ge:Y_WIDTH=1:B_WIDTH=47:A_WIDTH=32:B_SIGNED=0:A_SIGNED=0:394426c56d1a028ba8fdd5469b163e04011def47 for cells of type $extern:wrap:$ge:Y_WIDTH=1:B_WIDTH=47:A_WIDTH=32:B_SIGNED=0:A_SIGNED=0:394426c56d1a028ba8fdd5469b163e04011def47.
Running "alumacc" on wrapper $extern:wrap:$sub:Y_WIDTH=48:B_WIDTH=48:A_WIDTH=32:B_SIGNED=0:A_SIGNED=0:394426c56d1a028ba8fdd5469b163e04011def47.
Using template $extern:wrap:$sub:Y_WIDTH=48:B_WIDTH=48:A_WIDTH=32:B_SIGNED=0:A_SIGNED=0:394426c56d1a028ba8fdd5469b163e04011def47 for cells of type $extern:wrap:$sub:Y_WIDTH=48:B_WIDTH=48:A_WIDTH=32:B_SIGNED=0:A_SIGNED=0:394426c56d1a028ba8fdd5469b163e04011def47.
Running "alumacc" on wrapper $extern:wrap:$ge:Y_WIDTH=1:B_WIDTH=48:A_WIDTH=32:B_SIGNED=0:A_SIGNED=0:394426c56d1a028ba8fdd5469b163e04011def47.
Using template $extern:wrap:$ge:Y_WIDTH=1:B_WIDTH=48:A_WIDTH=32:B_SIGNED=0:A_SIGNED=0:394426c56d1a028ba8fdd5469b163e04011def47 for cells of type $extern:wrap:$ge:Y_WIDTH=1:B_WIDTH=48:A_WIDTH=32:B_SIGNED=0:A_SIGNED=0:394426c56d1a028ba8fdd5469b163e04011def47.
Running "alumacc" on wrapper $extern:wrap:$sub:Y_WIDTH=49:B_WIDTH=49:A_WIDTH=32:B_SIGNED=0:A_SIGNED=0:394426c56d1a028ba8fdd5469b163e04011def47.
Using template $extern:wrap:$sub:Y_WIDTH=49:B_WIDTH=49:A_WIDTH=32:B_SIGNED=0:A_SIGNED=0:394426c56d1a028ba8fdd5469b163e04011def47 for cells of type $extern:wrap:$sub:Y_WIDTH=49:B_WIDTH=49:A_WIDTH=32:B_SIGNED=0:A_SIGNED=0:394426c56d1a028ba8fdd5469b163e04011def47.
Running "alumacc" on wrapper $extern:wrap:$ge:Y_WIDTH=1:B_WIDTH=49:A_WIDTH=32:B_SIGNED=0:A_SIGNED=0:394426c56d1a028ba8fdd5469b163e04011def47.
Using template $extern:wrap:$ge:Y_WIDTH=1:B_WIDTH=49:A_WIDTH=32:B_SIGNED=0:A_SIGNED=0:394426c56d1a028ba8fdd5469b163e04011def47 for cells of type $extern:wrap:$ge:Y_WIDTH=1:B_WIDTH=49:A_WIDTH=32:B_SIGNED=0:A_SIGNED=0:394426c56d1a028ba8fdd5469b163e04011def47.
Running "alumacc" on wrapper $extern:wrap:$sub:Y_WIDTH=50:B_WIDTH=50:A_WIDTH=32:B_SIGNED=0:A_SIGNED=0:394426c56d1a028ba8fdd5469b163e04011def47.
Using template $extern:wrap:$sub:Y_WIDTH=50:B_WIDTH=50:A_WIDTH=32:B_SIGNED=0:A_SIGNED=0:394426c56d1a028ba8fdd5469b163e04011def47 for cells of type $extern:wrap:$sub:Y_WIDTH=50:B_WIDTH=50:A_WIDTH=32:B_SIGNED=0:A_SIGNED=0:394426c56d1a028ba8fdd5469b163e04011def47.
Running "alumacc" on wrapper $extern:wrap:$ge:Y_WIDTH=1:B_WIDTH=50:A_WIDTH=32:B_SIGNED=0:A_SIGNED=0:394426c56d1a028ba8fdd5469b163e04011def47.
Using template $extern:wrap:$ge:Y_WIDTH=1:B_WIDTH=50:A_WIDTH=32:B_SIGNED=0:A_SIGNED=0:394426c56d1a028ba8fdd5469b163e04011def47 for cells of type $extern:wrap:$ge:Y_WIDTH=1:B_WIDTH=50:A_WIDTH=32:B_SIGNED=0:A_SIGNED=0:394426c56d1a028ba8fdd5469b163e04011def47.
Running "alumacc" on wrapper $extern:wrap:$sub:Y_WIDTH=51:B_WIDTH=51:A_WIDTH=32:B_SIGNED=0:A_SIGNED=0:394426c56d1a028ba8fdd5469b163e04011def47.
Using template $extern:wrap:$sub:Y_WIDTH=51:B_WIDTH=51:A_WIDTH=32:B_SIGNED=0:A_SIGNED=0:394426c56d1a028ba8fdd5469b163e04011def47 for cells of type $extern:wrap:$sub:Y_WIDTH=51:B_WIDTH=51:A_WIDTH=32:B_SIGNED=0:A_SIGNED=0:394426c56d1a028ba8fdd5469b163e04011def47.
Running "alumacc" on wrapper $extern:wrap:$ge:Y_WIDTH=1:B_WIDTH=51:A_WIDTH=32:B_SIGNED=0:A_SIGNED=0:394426c56d1a028ba8fdd5469b163e04011def47.
Using template $extern:wrap:$ge:Y_WIDTH=1:B_WIDTH=51:A_WIDTH=32:B_SIGNED=0:A_SIGNED=0:394426c56d1a028ba8fdd5469b163e04011def47 for cells of type $extern:wrap:$ge:Y_WIDTH=1:B_WIDTH=51:A_WIDTH=32:B_SIGNED=0:A_SIGNED=0:394426c56d1a028ba8fdd5469b163e04011def47.
Running "alumacc" on wrapper $extern:wrap:$sub:Y_WIDTH=52:B_WIDTH=52:A_WIDTH=32:B_SIGNED=0:A_SIGNED=0:394426c56d1a028ba8fdd5469b163e04011def47.
Using template $extern:wrap:$sub:Y_WIDTH=52:B_WIDTH=52:A_WIDTH=32:B_SIGNED=0:A_SIGNED=0:394426c56d1a028ba8fdd5469b163e04011def47 for cells of type $extern:wrap:$sub:Y_WIDTH=52:B_WIDTH=52:A_WIDTH=32:B_SIGNED=0:A_SIGNED=0:394426c56d1a028ba8fdd5469b163e04011def47.
Running "alumacc" on wrapper $extern:wrap:$ge:Y_WIDTH=1:B_WIDTH=52:A_WIDTH=32:B_SIGNED=0:A_SIGNED=0:394426c56d1a028ba8fdd5469b163e04011def47.
Using template $extern:wrap:$ge:Y_WIDTH=1:B_WIDTH=52:A_WIDTH=32:B_SIGNED=0:A_SIGNED=0:394426c56d1a028ba8fdd5469b163e04011def47 for cells of type $extern:wrap:$ge:Y_WIDTH=1:B_WIDTH=52:A_WIDTH=32:B_SIGNED=0:A_SIGNED=0:394426c56d1a028ba8fdd5469b163e04011def47.
Running "alumacc" on wrapper $extern:wrap:$sub:Y_WIDTH=53:B_WIDTH=53:A_WIDTH=32:B_SIGNED=0:A_SIGNED=0:394426c56d1a028ba8fdd5469b163e04011def47.
Using template $extern:wrap:$sub:Y_WIDTH=53:B_WIDTH=53:A_WIDTH=32:B_SIGNED=0:A_SIGNED=0:394426c56d1a028ba8fdd5469b163e04011def47 for cells of type $extern:wrap:$sub:Y_WIDTH=53:B_WIDTH=53:A_WIDTH=32:B_SIGNED=0:A_SIGNED=0:394426c56d1a028ba8fdd5469b163e04011def47.
Running "alumacc" on wrapper $extern:wrap:$ge:Y_WIDTH=1:B_WIDTH=53:A_WIDTH=32:B_SIGNED=0:A_SIGNED=0:394426c56d1a028ba8fdd5469b163e04011def47.
Using template $extern:wrap:$ge:Y_WIDTH=1:B_WIDTH=53:A_WIDTH=32:B_SIGNED=0:A_SIGNED=0:394426c56d1a028ba8fdd5469b163e04011def47 for cells of type $extern:wrap:$ge:Y_WIDTH=1:B_WIDTH=53:A_WIDTH=32:B_SIGNED=0:A_SIGNED=0:394426c56d1a028ba8fdd5469b163e04011def47.
Running "alumacc" on wrapper $extern:wrap:$sub:Y_WIDTH=54:B_WIDTH=54:A_WIDTH=32:B_SIGNED=0:A_SIGNED=0:394426c56d1a028ba8fdd5469b163e04011def47.
Using template $extern:wrap:$sub:Y_WIDTH=54:B_WIDTH=54:A_WIDTH=32:B_SIGNED=0:A_SIGNED=0:394426c56d1a028ba8fdd5469b163e04011def47 for cells of type $extern:wrap:$sub:Y_WIDTH=54:B_WIDTH=54:A_WIDTH=32:B_SIGNED=0:A_SIGNED=0:394426c56d1a028ba8fdd5469b163e04011def47.
Running "alumacc" on wrapper $extern:wrap:$ge:Y_WIDTH=1:B_WIDTH=54:A_WIDTH=32:B_SIGNED=0:A_SIGNED=0:394426c56d1a028ba8fdd5469b163e04011def47.
Using template $extern:wrap:$ge:Y_WIDTH=1:B_WIDTH=54:A_WIDTH=32:B_SIGNED=0:A_SIGNED=0:394426c56d1a028ba8fdd5469b163e04011def47 for cells of type $extern:wrap:$ge:Y_WIDTH=1:B_WIDTH=54:A_WIDTH=32:B_SIGNED=0:A_SIGNED=0:394426c56d1a028ba8fdd5469b163e04011def47.
Running "alumacc" on wrapper $extern:wrap:$sub:Y_WIDTH=55:B_WIDTH=55:A_WIDTH=32:B_SIGNED=0:A_SIGNED=0:394426c56d1a028ba8fdd5469b163e04011def47.
Using template $extern:wrap:$sub:Y_WIDTH=55:B_WIDTH=55:A_WIDTH=32:B_SIGNED=0:A_SIGNED=0:394426c56d1a028ba8fdd5469b163e04011def47 for cells of type $extern:wrap:$sub:Y_WIDTH=55:B_WIDTH=55:A_WIDTH=32:B_SIGNED=0:A_SIGNED=0:394426c56d1a028ba8fdd5469b163e04011def47.
Running "alumacc" on wrapper $extern:wrap:$ge:Y_WIDTH=1:B_WIDTH=55:A_WIDTH=32:B_SIGNED=0:A_SIGNED=0:394426c56d1a028ba8fdd5469b163e04011def47.
Using template $extern:wrap:$ge:Y_WIDTH=1:B_WIDTH=55:A_WIDTH=32:B_SIGNED=0:A_SIGNED=0:394426c56d1a028ba8fdd5469b163e04011def47 for cells of type $extern:wrap:$ge:Y_WIDTH=1:B_WIDTH=55:A_WIDTH=32:B_SIGNED=0:A_SIGNED=0:394426c56d1a028ba8fdd5469b163e04011def47.
Running "alumacc" on wrapper $extern:wrap:$sub:Y_WIDTH=56:B_WIDTH=56:A_WIDTH=32:B_SIGNED=0:A_SIGNED=0:394426c56d1a028ba8fdd5469b163e04011def47.
Using template $extern:wrap:$sub:Y_WIDTH=56:B_WIDTH=56:A_WIDTH=32:B_SIGNED=0:A_SIGNED=0:394426c56d1a028ba8fdd5469b163e04011def47 for cells of type $extern:wrap:$sub:Y_WIDTH=56:B_WIDTH=56:A_WIDTH=32:B_SIGNED=0:A_SIGNED=0:394426c56d1a028ba8fdd5469b163e04011def47.
Running "alumacc" on wrapper $extern:wrap:$ge:Y_WIDTH=1:B_WIDTH=56:A_WIDTH=32:B_SIGNED=0:A_SIGNED=0:394426c56d1a028ba8fdd5469b163e04011def47.
Using template $extern:wrap:$ge:Y_WIDTH=1:B_WIDTH=56:A_WIDTH=32:B_SIGNED=0:A_SIGNED=0:394426c56d1a028ba8fdd5469b163e04011def47 for cells of type $extern:wrap:$ge:Y_WIDTH=1:B_WIDTH=56:A_WIDTH=32:B_SIGNED=0:A_SIGNED=0:394426c56d1a028ba8fdd5469b163e04011def47.
Running "alumacc" on wrapper $extern:wrap:$sub:Y_WIDTH=57:B_WIDTH=57:A_WIDTH=32:B_SIGNED=0:A_SIGNED=0:394426c56d1a028ba8fdd5469b163e04011def47.
Using template $extern:wrap:$sub:Y_WIDTH=57:B_WIDTH=57:A_WIDTH=32:B_SIGNED=0:A_SIGNED=0:394426c56d1a028ba8fdd5469b163e04011def47 for cells of type $extern:wrap:$sub:Y_WIDTH=57:B_WIDTH=57:A_WIDTH=32:B_SIGNED=0:A_SIGNED=0:394426c56d1a028ba8fdd5469b163e04011def47.
Running "alumacc" on wrapper $extern:wrap:$ge:Y_WIDTH=1:B_WIDTH=57:A_WIDTH=32:B_SIGNED=0:A_SIGNED=0:394426c56d1a028ba8fdd5469b163e04011def47.
Using template $extern:wrap:$ge:Y_WIDTH=1:B_WIDTH=57:A_WIDTH=32:B_SIGNED=0:A_SIGNED=0:394426c56d1a028ba8fdd5469b163e04011def47 for cells of type $extern:wrap:$ge:Y_WIDTH=1:B_WIDTH=57:A_WIDTH=32:B_SIGNED=0:A_SIGNED=0:394426c56d1a028ba8fdd5469b163e04011def47.
Running "alumacc" on wrapper $extern:wrap:$sub:Y_WIDTH=58:B_WIDTH=58:A_WIDTH=32:B_SIGNED=0:A_SIGNED=0:394426c56d1a028ba8fdd5469b163e04011def47.
Using template $extern:wrap:$sub:Y_WIDTH=58:B_WIDTH=58:A_WIDTH=32:B_SIGNED=0:A_SIGNED=0:394426c56d1a028ba8fdd5469b163e04011def47 for cells of type $extern:wrap:$sub:Y_WIDTH=58:B_WIDTH=58:A_WIDTH=32:B_SIGNED=0:A_SIGNED=0:394426c56d1a028ba8fdd5469b163e04011def47.
Running "alumacc" on wrapper $extern:wrap:$ge:Y_WIDTH=1:B_WIDTH=58:A_WIDTH=32:B_SIGNED=0:A_SIGNED=0:394426c56d1a028ba8fdd5469b163e04011def47.
Using template $extern:wrap:$ge:Y_WIDTH=1:B_WIDTH=58:A_WIDTH=32:B_SIGNED=0:A_SIGNED=0:394426c56d1a028ba8fdd5469b163e04011def47 for cells of type $extern:wrap:$ge:Y_WIDTH=1:B_WIDTH=58:A_WIDTH=32:B_SIGNED=0:A_SIGNED=0:394426c56d1a028ba8fdd5469b163e04011def47.
Running "alumacc" on wrapper $extern:wrap:$sub:Y_WIDTH=59:B_WIDTH=59:A_WIDTH=32:B_SIGNED=0:A_SIGNED=0:394426c56d1a028ba8fdd5469b163e04011def47.
Using template $extern:wrap:$sub:Y_WIDTH=59:B_WIDTH=59:A_WIDTH=32:B_SIGNED=0:A_SIGNED=0:394426c56d1a028ba8fdd5469b163e04011def47 for cells of type $extern:wrap:$sub:Y_WIDTH=59:B_WIDTH=59:A_WIDTH=32:B_SIGNED=0:A_SIGNED=0:394426c56d1a028ba8fdd5469b163e04011def47.
Running "alumacc" on wrapper $extern:wrap:$ge:Y_WIDTH=1:B_WIDTH=59:A_WIDTH=32:B_SIGNED=0:A_SIGNED=0:394426c56d1a028ba8fdd5469b163e04011def47.
Using template $extern:wrap:$ge:Y_WIDTH=1:B_WIDTH=59:A_WIDTH=32:B_SIGNED=0:A_SIGNED=0:394426c56d1a028ba8fdd5469b163e04011def47 for cells of type $extern:wrap:$ge:Y_WIDTH=1:B_WIDTH=59:A_WIDTH=32:B_SIGNED=0:A_SIGNED=0:394426c56d1a028ba8fdd5469b163e04011def47.
Running "alumacc" on wrapper $extern:wrap:$sub:Y_WIDTH=60:B_WIDTH=60:A_WIDTH=32:B_SIGNED=0:A_SIGNED=0:394426c56d1a028ba8fdd5469b163e04011def47.
Using template $extern:wrap:$sub:Y_WIDTH=60:B_WIDTH=60:A_WIDTH=32:B_SIGNED=0:A_SIGNED=0:394426c56d1a028ba8fdd5469b163e04011def47 for cells of type $extern:wrap:$sub:Y_WIDTH=60:B_WIDTH=60:A_WIDTH=32:B_SIGNED=0:A_SIGNED=0:394426c56d1a028ba8fdd5469b163e04011def47.
Running "alumacc" on wrapper $extern:wrap:$ge:Y_WIDTH=1:B_WIDTH=60:A_WIDTH=32:B_SIGNED=0:A_SIGNED=0:394426c56d1a028ba8fdd5469b163e04011def47.
Using template $extern:wrap:$ge:Y_WIDTH=1:B_WIDTH=60:A_WIDTH=32:B_SIGNED=0:A_SIGNED=0:394426c56d1a028ba8fdd5469b163e04011def47 for cells of type $extern:wrap:$ge:Y_WIDTH=1:B_WIDTH=60:A_WIDTH=32:B_SIGNED=0:A_SIGNED=0:394426c56d1a028ba8fdd5469b163e04011def47.
Running "alumacc" on wrapper $extern:wrap:$sub:Y_WIDTH=61:B_WIDTH=61:A_WIDTH=32:B_SIGNED=0:A_SIGNED=0:394426c56d1a028ba8fdd5469b163e04011def47.
Using template $extern:wrap:$sub:Y_WIDTH=61:B_WIDTH=61:A_WIDTH=32:B_SIGNED=0:A_SIGNED=0:394426c56d1a028ba8fdd5469b163e04011def47 for cells of type $extern:wrap:$sub:Y_WIDTH=61:B_WIDTH=61:A_WIDTH=32:B_SIGNED=0:A_SIGNED=0:394426c56d1a028ba8fdd5469b163e04011def47.
Running "alumacc" on wrapper $extern:wrap:$ge:Y_WIDTH=1:B_WIDTH=61:A_WIDTH=32:B_SIGNED=0:A_SIGNED=0:394426c56d1a028ba8fdd5469b163e04011def47.
Using template $extern:wrap:$ge:Y_WIDTH=1:B_WIDTH=61:A_WIDTH=32:B_SIGNED=0:A_SIGNED=0:394426c56d1a028ba8fdd5469b163e04011def47 for cells of type $extern:wrap:$ge:Y_WIDTH=1:B_WIDTH=61:A_WIDTH=32:B_SIGNED=0:A_SIGNED=0:394426c56d1a028ba8fdd5469b163e04011def47.
Running "alumacc" on wrapper $extern:wrap:$sub:Y_WIDTH=62:B_WIDTH=62:A_WIDTH=32:B_SIGNED=0:A_SIGNED=0:394426c56d1a028ba8fdd5469b163e04011def47.
Using template $extern:wrap:$sub:Y_WIDTH=62:B_WIDTH=62:A_WIDTH=32:B_SIGNED=0:A_SIGNED=0:394426c56d1a028ba8fdd5469b163e04011def47 for cells of type $extern:wrap:$sub:Y_WIDTH=62:B_WIDTH=62:A_WIDTH=32:B_SIGNED=0:A_SIGNED=0:394426c56d1a028ba8fdd5469b163e04011def47.
Running "alumacc" on wrapper $extern:wrap:$ge:Y_WIDTH=1:B_WIDTH=62:A_WIDTH=32:B_SIGNED=0:A_SIGNED=0:394426c56d1a028ba8fdd5469b163e04011def47.
Using template $extern:wrap:$ge:Y_WIDTH=1:B_WIDTH=62:A_WIDTH=32:B_SIGNED=0:A_SIGNED=0:394426c56d1a028ba8fdd5469b163e04011def47 for cells of type $extern:wrap:$ge:Y_WIDTH=1:B_WIDTH=62:A_WIDTH=32:B_SIGNED=0:A_SIGNED=0:394426c56d1a028ba8fdd5469b163e04011def47.
Running "alumacc" on wrapper $extern:wrap:$sub:Y_WIDTH=63:B_WIDTH=63:A_WIDTH=32:B_SIGNED=0:A_SIGNED=0:394426c56d1a028ba8fdd5469b163e04011def47.
Using template $extern:wrap:$sub:Y_WIDTH=63:B_WIDTH=63:A_WIDTH=32:B_SIGNED=0:A_SIGNED=0:394426c56d1a028ba8fdd5469b163e04011def47 for cells of type $extern:wrap:$sub:Y_WIDTH=63:B_WIDTH=63:A_WIDTH=32:B_SIGNED=0:A_SIGNED=0:394426c56d1a028ba8fdd5469b163e04011def47.
Running "alumacc" on wrapper $extern:wrap:$ge:Y_WIDTH=1:B_WIDTH=63:A_WIDTH=32:B_SIGNED=0:A_SIGNED=0:394426c56d1a028ba8fdd5469b163e04011def47.
Using template $extern:wrap:$ge:Y_WIDTH=1:B_WIDTH=63:A_WIDTH=32:B_SIGNED=0:A_SIGNED=0:394426c56d1a028ba8fdd5469b163e04011def47 for cells of type $extern:wrap:$ge:Y_WIDTH=1:B_WIDTH=63:A_WIDTH=32:B_SIGNED=0:A_SIGNED=0:394426c56d1a028ba8fdd5469b163e04011def47.
Using template $paramod\_90_alu\A_SIGNED=0\B_SIGNED=0\A_WIDTH=32\B_WIDTH=40\Y_WIDTH=40 for cells of type $alu.
Using template $paramod\_90_alu\A_SIGNED=0\B_SIGNED=0\A_WIDTH=32\B_WIDTH=48\Y_WIDTH=48 for cells of type $alu.
Using template $paramod\_90_alu\A_SIGNED=0\B_SIGNED=0\A_WIDTH=32\B_WIDTH=56\Y_WIDTH=56 for cells of type $alu.
Using template $paramod\_90_alu\A_SIGNED=0\B_SIGNED=0\A_WIDTH=32\B_WIDTH=33\Y_WIDTH=33 for cells of type $alu.
Using template $paramod\_90_alu\A_SIGNED=0\B_SIGNED=0\A_WIDTH=32\B_WIDTH=34\Y_WIDTH=34 for cells of type $alu.
Using template $paramod\_90_alu\A_SIGNED=0\B_SIGNED=0\A_WIDTH=32\B_WIDTH=35\Y_WIDTH=35 for cells of type $alu.
Using template $paramod\_90_alu\A_SIGNED=0\B_SIGNED=0\A_WIDTH=32\B_WIDTH=36\Y_WIDTH=36 for cells of type $alu.
Using template $paramod\_90_alu\A_SIGNED=0\B_SIGNED=0\A_WIDTH=32\B_WIDTH=37\Y_WIDTH=37 for cells of type $alu.
Using template $paramod\_90_alu\A_SIGNED=0\B_SIGNED=0\A_WIDTH=32\B_WIDTH=38\Y_WIDTH=38 for cells of type $alu.
Using template $paramod\_90_alu\A_SIGNED=0\B_SIGNED=0\A_WIDTH=32\B_WIDTH=39\Y_WIDTH=39 for cells of type $alu.
Using template $paramod\_90_alu\A_SIGNED=0\B_SIGNED=0\A_WIDTH=32\B_WIDTH=41\Y_WIDTH=41 for cells of type $alu.
Using template $paramod\_90_alu\A_SIGNED=0\B_SIGNED=0\A_WIDTH=32\B_WIDTH=42\Y_WIDTH=42 for cells of type $alu.
Using template $paramod\_90_alu\A_SIGNED=0\B_SIGNED=0\A_WIDTH=32\B_WIDTH=43\Y_WIDTH=43 for cells of type $alu.
Using template $paramod\_90_alu\A_SIGNED=0\B_SIGNED=0\A_WIDTH=32\B_WIDTH=44\Y_WIDTH=44 for cells of type $alu.
Using template $paramod\_90_alu\A_SIGNED=0\B_SIGNED=0\A_WIDTH=32\B_WIDTH=45\Y_WIDTH=45 for cells of type $alu.
Using template $paramod\_90_alu\A_SIGNED=0\B_SIGNED=0\A_WIDTH=32\B_WIDTH=46\Y_WIDTH=46 for cells of type $alu.
Using template $paramod\_90_alu\A_SIGNED=0\B_SIGNED=0\A_WIDTH=32\B_WIDTH=47\Y_WIDTH=47 for cells of type $alu.
Using template $paramod\_90_alu\A_SIGNED=0\B_SIGNED=0\A_WIDTH=32\B_WIDTH=49\Y_WIDTH=49 for cells of type $alu.
Using template $paramod\_90_alu\A_SIGNED=0\B_SIGNED=0\A_WIDTH=32\B_WIDTH=50\Y_WIDTH=50 for cells of type $alu.
Using template $paramod\_90_alu\A_SIGNED=0\B_SIGNED=0\A_WIDTH=32\B_WIDTH=51\Y_WIDTH=51 for cells of type $alu.
Using template $paramod\_90_alu\A_SIGNED=0\B_SIGNED=0\A_WIDTH=32\B_WIDTH=52\Y_WIDTH=52 for cells of type $alu.
Using template $paramod\_90_alu\A_SIGNED=0\B_SIGNED=0\A_WIDTH=32\B_WIDTH=53\Y_WIDTH=53 for cells of type $alu.
Using template $paramod\_90_alu\A_SIGNED=0\B_SIGNED=0\A_WIDTH=32\B_WIDTH=54\Y_WIDTH=54 for cells of type $alu.
Using template $paramod\_90_alu\A_SIGNED=0\B_SIGNED=0\A_WIDTH=32\B_WIDTH=55\Y_WIDTH=55 for cells of type $alu.
Using template $paramod\_90_alu\A_SIGNED=0\B_SIGNED=0\A_WIDTH=32\B_WIDTH=57\Y_WIDTH=57 for cells of type $alu.
Using template $paramod\_90_alu\A_SIGNED=0\B_SIGNED=0\A_WIDTH=32\B_WIDTH=58\Y_WIDTH=58 for cells of type $alu.
Using template $paramod\_90_alu\A_SIGNED=0\B_SIGNED=0\A_WIDTH=32\B_WIDTH=59\Y_WIDTH=59 for cells of type $alu.
Using template $paramod\_90_alu\A_SIGNED=0\B_SIGNED=0\A_WIDTH=32\B_WIDTH=60\Y_WIDTH=60 for cells of type $alu.
Using template $paramod\_90_alu\A_SIGNED=0\B_SIGNED=0\A_WIDTH=32\B_WIDTH=61\Y_WIDTH=61 for cells of type $alu.
Using template $paramod\_90_alu\A_SIGNED=0\B_SIGNED=0\A_WIDTH=32\B_WIDTH=62\Y_WIDTH=62 for cells of type $alu.
Using template $paramod\_90_alu\A_SIGNED=0\B_SIGNED=0\A_WIDTH=32\B_WIDTH=63\Y_WIDTH=63 for cells of type $alu.
Using template $paramod\_90_alu\A_SIGNED=0\B_SIGNED=0\A_WIDTH=32\B_WIDTH=32\Y_WIDTH=32 for cells of type $alu.
Using template $paramod\_90_lcu\WIDTH=40 for cells of type $lcu.
Using template $paramod\_90_lcu\WIDTH=48 for cells of type $lcu.
Using template $paramod\_90_lcu\WIDTH=56 for cells of type $lcu.
Using template $paramod\_90_lcu\WIDTH=33 for cells of type $lcu.
Using template $paramod\_90_lcu\WIDTH=34 for cells of type $lcu.
Using template $paramod\_90_lcu\WIDTH=35 for cells of type $lcu.
Using template $paramod\_90_lcu\WIDTH=36 for cells of type $lcu.
Using template $paramod\_90_lcu\WIDTH=37 for cells of type $lcu.
Using template $paramod\_90_lcu\WIDTH=38 for cells of type $lcu.
Using template $paramod\_90_lcu\WIDTH=39 for cells of type $lcu.
Using template $paramod\_90_lcu\WIDTH=41 for cells of type $lcu.
Using template $paramod\_90_lcu\WIDTH=42 for cells of type $lcu.
Using template $paramod\_90_lcu\WIDTH=43 for cells of type $lcu.
Using template $paramod\_90_lcu\WIDTH=44 for cells of type $lcu.
Using template $paramod\_90_lcu\WIDTH=45 for cells of type $lcu.
Using template $paramod\_90_lcu\WIDTH=46 for cells of type $lcu.
Using template $paramod\_90_lcu\WIDTH=47 for cells of type $lcu.
Using template $paramod\_90_lcu\WIDTH=49 for cells of type $lcu.
Using template $paramod\_90_lcu\WIDTH=50 for cells of type $lcu.
Using template $paramod\_90_lcu\WIDTH=51 for cells of type $lcu.
Using template $paramod\_90_lcu\WIDTH=52 for cells of type $lcu.
Using template $paramod\_90_lcu\WIDTH=53 for cells of type $lcu.
Using template $paramod\_90_lcu\WIDTH=54 for cells of type $lcu.
Using template $paramod\_90_lcu\WIDTH=55 for cells of type $lcu.
Using template $paramod\_90_lcu\WIDTH=57 for cells of type $lcu.
Using template $paramod\_90_lcu\WIDTH=58 for cells of type $lcu.
Using template $paramod\_90_lcu\WIDTH=59 for cells of type $lcu.
Using template $paramod\_90_lcu\WIDTH=60 for cells of type $lcu.
Using template $paramod\_90_lcu\WIDTH=61 for cells of type $lcu.
Using template $paramod\_90_lcu\WIDTH=62 for cells of type $lcu.
Using template $paramod\_90_lcu\WIDTH=63 for cells of type $lcu.
Using template $paramod\_90_alu\A_SIGNED=0\B_SIGNED=0\A_WIDTH=16\B_WIDTH=16\Y_WIDTH=16 for cells of type $alu.
No more expansions possible.
<suppressed ~197319 debug messages>

2.22. Executing OPT pass (performing simple optimizations).

2.22.1. Executing OPT_EXPR pass (perform const folding).
Optimizing module pwm_deadtime.
<suppressed ~312932 debug messages>
Optimizing module pwm_dt_channel.
<suppressed ~106 debug messages>

2.22.2. Executing OPT_MERGE pass (detect identical cells).
Finding identical cells in module `\pwm_deadtime'.
<suppressed ~239946 debug messages>
Finding identical cells in module `\pwm_dt_channel'.
<suppressed ~81 debug messages>
Removed a total of 80009 cells.

2.22.3. Executing OPT_RMDFF pass (remove dff with constant values).

2.22.4. Executing OPT_CLEAN pass (remove unused cells and wires).
Finding unused cells or wires in module \pwm_deadtime..
Finding unused cells or wires in module \pwm_dt_channel..
Removed 9329 unused cells and 162096 unused wires.
<suppressed ~9331 debug messages>

2.22.5. Finished fast OPT passes.

2.23. Executing ABC pass (technology mapping using ABC).

2.23.1. Extracting gate netlist of module `\pwm_deadtime' to `<abc-temp-dir>/input.blif'..
Extracted 29348 gates and 29510 wires to a netlist network with 160 inputs and 28 outputs.

2.23.1.1. Executing ABC.
Running ABC command: berkeley-abc -s -f <abc-temp-dir>/abc.script 2>&1
ABC: ABC command line: "source <abc-temp-dir>/abc.script".
ABC: 
ABC: + read_blif <abc-temp-dir>/input.blif 
ABC: + read_library <abc-temp-dir>/stdcells.genlib 
ABC: Entered genlib library with 17 gates from file "<abc-temp-dir>/stdcells.genlib".
ABC: + strash 
ABC: + dretime 
ABC: + retime 
ABC: + map 
ABC: + write_blif <abc-temp-dir>/output.blif 

2.23.1.2. Re-integrating ABC results.
ABC RESULTS:               AND cells:      244
ABC RESULTS:            ANDNOT cells:     4275
ABC RESULTS:              AOI3 cells:     1186
ABC RESULTS:              AOI4 cells:       30
ABC RESULTS:               MUX cells:     3064
ABC RESULTS:              NAND cells:      675
ABC RESULTS:               NOR cells:     1724
ABC RESULTS:               NOT cells:     1626
ABC RESULTS:              OAI3 cells:     1710
ABC RESULTS:              OAI4 cells:        7
ABC RESULTS:                OR cells:     2517
ABC RESULTS:             ORNOT cells:     1296
ABC RESULTS:              XNOR cells:     1271
ABC RESULTS:               XOR cells:     3779
ABC RESULTS:        internal signals:    29322
ABC RESULTS:           input signals:      160
ABC RESULTS:          output signals:       28
Removing temp directory.

2.23.2. Extracting gate netlist of module `\pwm_dt_channel' to `<abc-temp-dir>/input.blif'..
Extracted 202 gates and 239 wires to a netlist network with 35 inputs and 18 outputs.

2.23.2.1. Executing ABC.
Running ABC command: berkeley-abc -s -f <abc-temp-dir>/abc.script 2>&1
ABC: ABC command line: "source <abc-temp-dir>/abc.script".
ABC: 
ABC: + read_blif <abc-temp-dir>/input.blif 
ABC: + read_library <abc-temp-dir>/stdcells.genlib 
ABC: Entered genlib library with 17 gates from file "<abc-temp-dir>/stdcells.genlib".
ABC: + strash 
ABC: + dretime 
ABC: + retime 
ABC: + map 
ABC: + write_blif <abc-temp-dir>/output.blif 

2.23.2.2. Re-integrating ABC results.
ABC RESULTS:               AND cells:        2
ABC RESULTS:            ANDNOT cells:       52
ABC RESULTS:              AOI3 cells:        7
ABC RESULTS:               MUX cells:       16
ABC RESULTS:              NAND cells:       16
ABC RESULTS:               NOR cells:        5
ABC RESULTS:               NOT cells:        4
ABC RESULTS:              OAI3 cells:        2
ABC RESULTS:                OR cells:       33
ABC RESULTS:             ORNOT cells:       13
ABC RESULTS:              XNOR cells:       13
ABC RESULTS:               XOR cells:       18
ABC RESULTS:        internal signals:      186
ABC RESULTS:           input signals:       35
ABC RESULTS:          output signals:       18
Removing temp directory.

2.24. Executing OPT pass (performing simple optimizations).

2.24.1. Executing OPT_EXPR pass (perform const folding).
Optimizing module pwm_deadtime.
Optimizing module pwm_dt_channel.
<suppressed ~16 debug messages>

2.24.2. Executing OPT_MERGE pass (detect identical cells).
Finding identical cells in module `\pwm_deadtime'.
<suppressed ~1851 debug messages>
Finding identical cells in module `\pwm_dt_channel'.
Removed a total of 617 cells.

2.24.3. Executing OPT_RMDFF pass (remove dff with constant values).

2.24.4. Executing OPT_CLEAN pass (remove unused cells and wires).
Finding unused cells or wires in module \pwm_deadtime..
Finding unused cells or wires in module \pwm_dt_channel..
Removed 0 unused cells and 10621 unused wires.
<suppressed ~38 debug messages>

2.24.5. Finished fast OPT passes.

2.25. Executing HIERARCHY pass (managing design hierarchy).

2.26. Printing statistics.

=== pwm_deadtime ===

   Number of wires:              22793
   Number of wire bits:          23533
   Number of public wires:          33
   Number of public wire bits:     758
   Number of memories:               0
   Number of memory bits:            0
   Number of processes:              0
   Number of cells:              22831
     $_ANDNOT_                    4111
     $_AND_                        241
     $_AOI3_                      1165
     $_AOI4_                        30
     $_DFF_PN0_                     28
     $_DFF_PN1_                      4
     $_MUX_                       3064
     $_NAND_                       658
     $_NOR_                       1683
     $_NOT_                       1626
     $_OAI3_                      1671
     $_OAI4_                         7
     $_ORNOT_                     1162
     $_OR_                        2323
     $_XNOR_                      1267
     $_XOR_                       3779
     pwm_dt_channel                 12

=== pwm_dt_channel ===

   Number of wires:                173
   Number of wire bits:            218
   Number of public wires:           7
   Number of public wire bits:      37
   Number of memories:               0
   Number of memory bits:            0
   Number of processes:              0
   Number of cells:                199
     $_ANDNOT_                      52
     $_AND_                          2
     $_AOI3_                         7
     $_DFF_PN0_                     18
     $_MUX_                         16
     $_NAND_                        16
     $_NOR_                          5
     $_NOT_                          4
     $_OAI3_                         2
     $_ORNOT_                       13
     $_OR_                          33
     $_XNOR_                        13
     $_XOR_                         18

2.27. Executing CHECK pass (checking for obvious problems).
checking module pwm_deadtime..
checking module pwm_dt_channel..
found and reported 0 problems.

3. Printing statistics.

=== pwm_deadtime ===

   Number of wires:              22793
   Number of wire bits:          23533
   Number of public wires:          33
   Number of public wire bits:     758
   Number of memories:               0
   Number of memory bits:            0
   Number of processes:              0
   Number of cells:              22831
     $_ANDNOT_                    4111
     $_AND_                        241
     $_AOI3_                      1165
     $_AOI4_                        30
     $_DFF_PN0_                     28
     $_DFF_PN1_                      4
     $_MUX_                       3064
     $_NAND_                       658
     $_NOR_                       1683
     $_NOT_                       1626
     $_OAI3_                      1671
     $_OAI4_                         7
     $_ORNOT_                     1162
     $_OR_                        2323
     $_XNOR_                      1267
     $_XOR_                       3779
     pwm_dt_channel                 12

=== pwm_dt_channel ===

   Number of wires:                173
   Number of wire bits:            218
   Number of public wires:           7
   Number of public wire bits:      37
   Number of memories:               0
   Number of memory bits:            0
   Number of processes:              0
   Number of cells:                199
     $_ANDNOT_                      52
     $_AND_                          2
     $_AOI3_                         7
     $_DFF_PN0_                     18
     $_MUX_                         16
     $_NAND_                        16
     $_NOR_                          5
     $_NOT_                          4
     $_OAI3_                         2
     $_ORNOT_                       13
     $_OR_                          33
     $_XNOR_                        13
     $_XOR_                         18

End of script. Logfile hash: fae3e7187d
CPU: user 389.53s system 10.62s, MEM: 1541.38 MB total, 1255.18 MB resident
Yosys 0.9 (git sha1 1979e0b)
Time spent: 37% 48x opt_merge (150 sec), 22% 2x techmap (90 sec), ...
